[1;34m[iso-build][0m regenerating packages.x86_64 (drift check)
wrote /data/projects/vinos/iso/profile/packages.x86_64 (291 packages)
wrote /data/projects/vinos/iso/aur.list (12 AUR packages)
[1;34m[iso-build][0m building vinOS 2.0.2 via docker (privileged, KVM optional)
== regenerating packages.x86_64 ==
wrote /vinos/iso/profile/packages.x86_64 (291 packages)
wrote /vinos/iso/aur.list (12 AUR packages)
== assembling airootfs (VINOS_ROOT mode: 03/05/02/04) ==
[vinOS 19:01:58] 03-configs: vendoring Omarchy config/ into $HOME/.config
[vinOS 19:01:58] 03-configs: vendoring default/ → /usr/share/omarchy/default
[vinOS 19:01:58] 03-configs: vendoring themes/ → /usr/share/omarchy/themes
[vinOS 19:01:59] 03-configs: vendoring shell/ → /usr/share/omarchy/shell
[vinOS 19:01:59] 03-configs: vendoring migrations/ → /usr/share/omarchy/migrations
[vinOS 19:01:59] 03-configs: pre-stamping 24 migrations as done in /etc/skel
[vinOS 19:03:28] 03-configs: seeded ~/.local/state/omarchy/current → vinos (bg=vinos-default-branded.png)
[vinOS 19:03:28] 03-configs: vendoring applications/ → /usr/local/share/applications
[vinOS 19:03:28] 03-configs: exposing Omarchy product icons → /usr/share/pixmaps
[vinOS 19:03:28] 03-configs: vendoring omarchy bin/ → /usr/local/bin
[vinOS 19:03:28] 05-branding: installing shared assets under /vinos/iso/profile/airootfs/usr/share/vinos
[vinOS 19:03:28] 05-branding: installing vinos-* commands
[vinOS 19:03:29] 05-branding: installing vinos Plymouth theme
[vinOS 19:03:29] 05-branding: writing /vinos/iso/profile/airootfs/etc/os-release
[vinOS 19:03:29] 05-branding: done — /vinos/iso/profile/airootfs/etc/os-release identifies vinOS 2.0.2
[vinOS 19:03:29] 02-desktop: installing Hyprland stack + core UX apps
[vinOS 19:03:29] install_pkg (VINOS_ROOT mode, no-op): hyprland waybar alacritty foot mako grim slurp swaybg wl-clipboard xdg-desktop-portal-hyprland xdg-desktop-portal-gtk hyprland-guiutils qt5-wayland qt6-wayland polkit-gnome greetd greetd-tuigreet ttf-jetbrains-mono-nerd woff2-font-awesome noto-fonts noto-fonts-emoji noto-fonts-cjk fontconfig pipewire pipewire-pulse pipewire-alsa pipewire-jack wireplumber pavucontrol wiremix nautilus sushi nautilus-python gnome-disk-utility udiskie networkmanager papirus-icon-theme ufw apparmor firejail zram-generator linux-hardened linux-hardened-headers gnome-calculator libqalculate plymouth hypridle hyprlock hyprpicker hyprsunset swayosd satty gtk4-layer-shell kvantum kvantum-qt5 qt6ct gnome-keyring gnome-themes-extra libsecret pamixer playerctl brightnessctl gum mesa vulkan-radeon vulkan-intel libva-mesa-driver libva-intel-driver intel-media-driver bluez bluez-utils bluetui alsa-firmware alsa-ucm-conf alsa-utils sof-firmware power-profiles-daemon thermald acpid bolt ffmpegthumbnailer gvfs-mtp gvfs-nfs gvfs-smb zram-generator kernel-modules-hook
[vinOS 19:03:29] 02-desktop: installing AUR apps (UX-critical only)
[vinOS 19:03:29] install_aur (VINOS_ROOT mode, no-op): walker yaru-icon-theme bibata-cursor-theme
[vinOS 19:03:29] install_aur (VINOS_ROOT mode, no-op): quickshell-git
[vinOS 19:03:29] 02-desktop: wiring Plymouth boot splash (installer mode only)
[vinOS 19:03:29] 02-desktop: writing /etc/greetd/config.toml (tuigreet → Hyprland)
[vinOS 19:03:29] airootfs: enabled greetd (graphical.target.wants) + default.target=graphical
[vinOS 19:03:29] 02-desktop: done
[vinOS 19:03:29] 04-services: VINOS_ROOT mode — deferring ufw runtime config to first boot
[vinOS 19:03:29] airootfs: enabled ufw.service (multi-user.target.wants)
[vinOS 19:03:29] 04-services: floppy blacklist already staged in airootfs — skipping
[vinOS 19:03:29] 04-services: configuring iwd (auth) + systemd-networkd (dhcp) + resolved
[vinOS 19:03:29] airootfs: enabled iwd.service (multi-user.target.wants)
[vinOS 19:03:29] airootfs: enabled systemd-networkd.service (multi-user.target.wants)
[vinOS 19:03:29] airootfs: enabled systemd-resolved.service (multi-user.target.wants)
[vinOS 19:03:29] 04-services: /etc/resolv.conf → resolved stub
[vinOS 19:03:29] 04-services: enabling bluetooth + thermald + acpid + power-profiles-daemon + bolt
[vinOS 19:03:29] airootfs: enabled bluetooth.service (multi-user.target.wants)
[vinOS 19:03:29] airootfs: enabled thermald.service (multi-user.target.wants)
[vinOS 19:03:29] airootfs: enabled acpid.service (multi-user.target.wants)
[vinOS 19:03:29] airootfs: enabled power-profiles-daemon.service (multi-user.target.wants)
[vinOS 19:03:29] airootfs: enabled bolt.service (multi-user.target.wants)
[vinOS 19:03:29] 04-services: installing vinos-firstboot.service
[vinOS 19:03:29] 04-services: vinos-firstboot staged (not enabled on live ISO)
[vinOS 19:03:29] 04-services: layering configs/vinos/security/etc → /etc
[vinOS 19:03:30] 04-services: done
== applying live-only airootfs overlay ==
== building [vinos-aur] via iso/aur-build.sh ==
:: Synchronizing package databases...
 core downloading...
 extra downloading...
resolving dependencies...
looking for conflicting packages...

Package (44)            Old Version                  New Version                  Net Change  Download Size

core/autoconf                                        2.73-1                         2.25 MiB       0.64 MiB
core/automake                                        1.18.1-1                       1.64 MiB       0.62 MiB
core/bison                                           3.8.2-8                        2.52 MiB       0.75 MiB
extra/boost-libs                                     1.91.0-2                      50.77 MiB       6.15 MiB
extra/cpio                                           2.15-3                         0.98 MiB       0.22 MiB
core/db5.3                                           5.3.28-7                       6.48 MiB       1.26 MiB
core/debugedit                                       5.3-1                          0.13 MiB       0.05 MiB
core/diffutils                                       3.12-2                         1.50 MiB       0.33 MiB
core/elfutils                                        0.195-1                        3.63 MiB       0.62 MiB
core/fakeroot                                        1:1.37.2-2                     0.14 MiB       0.08 MiB
core/flex                                            2.6.4-6                        0.84 MiB       0.29 MiB
core/gc                                              8.2.12-1                       0.76 MiB       0.23 MiB
core/gcc                                             16.1.1+r346+g4e03491b401d-4  220.16 MiB      57.81 MiB
extra/gdb                                            17.2-1                        31.93 MiB       8.16 MiB
extra/gdb-common                                     17.2-1                         1.13 MiB       0.12 MiB
core/groff                                           1.24.1-1                       9.01 MiB       2.40 MiB
core/guile                                           3.0.11-1                      54.49 MiB       8.39 MiB
core/libasan            16.1.1+r346+g4e03491b401d-1  16.1.1+r346+g4e03491b401d-4    0.00 MiB       0.51 MiB
core/libgcc             16.1.1+r346+g4e03491b401d-1  16.1.1+r346+g4e03491b401d-4    0.00 MiB       0.08 MiB
core/libhwasan          16.1.1+r346+g4e03491b401d-1  16.1.1+r346+g4e03491b401d-4    0.00 MiB       0.27 MiB
core/libisl                                          0.28-1                         5.90 MiB       0.94 MiB
core/liblsan            16.1.1+r346+g4e03491b401d-1  16.1.1+r346+g4e03491b401d-4    0.00 MiB       0.22 MiB
core/libmpc                                          1.4.1-1                        0.19 MiB       0.09 MiB
core/libstdc++          16.1.1+r346+g4e03491b401d-1  16.1.1+r346+g4e03491b401d-4    0.00 MiB       0.84 MiB
core/libtool                                         2.6.2-1                        2.34 MiB       0.42 MiB
core/libtsan            16.1.1+r346+g4e03491b401d-1  16.1.1+r346+g4e03491b401d-4    0.00 MiB       0.45 MiB
core/libubsan           16.1.1+r346+g4e03491b401d-1  16.1.1+r346+g4e03491b401d-4    0.00 MiB       0.20 MiB
core/m4                                              1.4.21-2                       0.71 MiB       0.27 MiB
core/make                                            4.4.1-3                        1.66 MiB       0.51 MiB
core/mpdecimal                                       4.0.1-3                        0.32 MiB       0.10 MiB
core/patch                                           2.8-1                          0.17 MiB       0.08 MiB
core/perl                                            5.42.2-1                      70.11 MiB      20.44 MiB
extra/perl-error                                     0.17030-3                      0.04 MiB       0.02 MiB
extra/perl-mailtools                                 2.22-3                         0.10 MiB       0.06 MiB
extra/perl-timedate                                  2.35-1                         0.15 MiB       0.06 MiB
core/pkgconf                                         3.0.3-1                        0.33 MiB       0.12 MiB
core/python                                          3.14.6-1                      73.41 MiB      13.51 MiB
extra/source-highlight                               3.1.9-18                       3.24 MiB       0.67 MiB
core/texinfo                                         7.3-1                         12.67 MiB       2.12 MiB
core/which                                           2.25-1                         0.03 MiB       0.02 MiB
extra/zlib-ng                                        2.3.3-1                        0.28 MiB       0.11 MiB
core/base-devel                                      1-2                            0.00 MiB       0.00 MiB
extra/git                                            2.55.0-1                      31.33 MiB       7.11 MiB
core/sudo                                            1.9.17.p2-6                    7.85 MiB       1.86 MiB

Total Download Size:   139.18 MiB
Total Installed Size:  607.30 MiB
Net Upgrade Size:      599.21 MiB

:: Proceed with installation? [Y/n] 
:: Retrieving packages...
 gcc-16.1.1+r346+g4e03491b401d-4-x86_64 downloading...
 perl-5.42.2-1-x86_64 downloading...
 python-3.14.6-1-x86_64 downloading...
 guile-3.0.11-1-x86_64 downloading...
 gdb-17.2-1-x86_64 downloading...
 git-2.55.0-1-x86_64 downloading...
 boost-libs-1.91.0-2-x86_64 downloading...
 groff-1.24.1-1-x86_64 downloading...
 texinfo-7.3-1-x86_64 downloading...
 sudo-1.9.17.p2-6-x86_64 downloading...
 db5.3-5.3.28-7-x86_64 downloading...
 libisl-0.28-1-x86_64 downloading...
 libstdc++-16.1.1+r346+g4e03491b401d-4-x86_64 downloading...
 bison-3.8.2-8-x86_64 downloading...
 source-highlight-3.1.9-18-x86_64 downloading...
 autoconf-2.73-1-any downloading...
 automake-1.18.1-1-any downloading...
 elfutils-0.195-1-x86_64 downloading...
 libasan-16.1.1+r346+g4e03491b401d-4-x86_64 downloading...
 make-4.4.1-3-x86_64 downloading...
 libtsan-16.1.1+r346+g4e03491b401d-4-x86_64 downloading...
 libtool-2.6.2-1-x86_64 downloading...
 diffutils-3.12-2-x86_64 downloading...
 flex-2.6.4-6-x86_64 downloading...
 libhwasan-16.1.1+r346+g4e03491b401d-4-x86_64 downloading...
 m4-1.4.21-2-x86_64 downloading...
 gc-8.2.12-1-x86_64 downloading...
 cpio-2.15-3-x86_64 downloading...
 liblsan-16.1.1+r346+g4e03491b401d-4-x86_64 downloading...
 libubsan-16.1.1+r346+g4e03491b401d-4-x86_64 downloading...
 gdb-common-17.2-1-x86_64 downloading...
 pkgconf-3.0.3-1-x86_64 downloading...
 zlib-ng-2.3.3-1-x86_64 downloading...
 mpdecimal-4.0.1-3-x86_64 downloading...
 libmpc-1.4.1-1-x86_64 downloading...
 patch-2.8-1-x86_64 downloading...
 libgcc-16.1.1+r346+g4e03491b401d-4-x86_64 downloading...
 fakeroot-1:1.37.2-2-x86_64 downloading...
 perl-timedate-2.35-1-any downloading...
 perl-mailtools-2.22-3-any downloading...
 debugedit-5.3-1-x86_64 downloading...
 perl-error-0.17030-3-any downloading...
 which-2.25-1-x86_64 downloading...
 base-devel-1-2-any downloading...
checking keyring...
checking package integrity...
loading package files...
checking for file conflicts...
:: Processing package changes...
installing m4...
upgrading libgcc...
upgrading libstdc++...
installing diffutils...
installing db5.3...
installing perl...
installing autoconf...
installing automake...
installing bison...
installing cpio...
installing elfutils...
installing boost-libs...
Optional dependencies for boost-libs
    openmpi: for mpi support
installing mpdecimal...
installing python...
Optional dependencies for python
    python-setuptools: for building Python packages using tooling that is usually bundled with Python
    python-pip: for installing Python packages using tooling that is usually bundled with Python
    python-pipx: for installing Python software not packaged on Arch Linux
    sqlite: for a default database integration [installed]
    xz: for lzma [installed]
    tk: for tkinter
upgrading libasan...
upgrading libhwasan...
upgrading liblsan...
upgrading libtsan...
upgrading libubsan...
installing gc...
installing guile...
installing gdb-common...
installing source-highlight...
Optional dependencies for source-highlight
    lesspipe: src-hilite-lesspipe.sh
installing gdb...
installing debugedit...
installing fakeroot...
installing flex...
installing libisl...
installing libmpc...
installing gcc...
Optional dependencies for gcc
    lib32-gcc-libs: for generating code for 32-bit ABI
installing groff...
Optional dependencies for groff
    netpbm: for use together with man -H command interaction in browsers
    psutils: for use together with man -H command interaction in browsers
    libxaw: for gxditview
    perl-file-homedir: for use with glilypond
installing libtool...
installing make...
installing patch...
Optional dependencies for patch
    ed: for patch -e functionality
installing pkgconf...
installing sudo...
installing texinfo...
Optional dependencies for texinfo
    perl-archive-zip: EPUB file output via texi2any
installing which...
installing base-devel...
installing perl-error...
installing perl-timedate...
installing perl-mailtools...
installing zlib-ng...
installing git...
Optional dependencies for git
    git-zsh-completion: upstream zsh completion
    tk: gitk and git gui
    openssh: ssh transport and crypto
    man: show help with `git command --help`
    perl-libwww: git svn
    perl-term-readkey: git svn and interactive.singlekey setting
    perl-io-socket-ssl: git send-email TLS support
    perl-authen-sasl: git send-email TLS support
    perl-cgi: gitweb (web interface) support
    python: git svn & git p4 [installed]
    subversion: git svn
    org.freedesktop.secrets: keyring credential helper
    libsecret: libsecret credential helper [installed]
    less: the default pager for git
:: Running post-transaction hooks...
(1/5) Creating system user accounts...
Creating group 'git' with GID 969.
Creating user 'git' (git daemon user) with UID 969 and GID 969.
(2/5) Creating temporary files...
/usr/lib/tmpfiles.d/journal-nocow.conf:26: Failed to resolve specifier: uninitialized /etc/ detected, skipping.
All rules containing unresolvable specifiers will be skipped.
(3/5) Reloading system manager configuration...
  Skipped: Current root is not booted.
(4/5) Arming ConditionNeedsUpdate...
(5/5) Checking for old perl modules...
[1;34m[aur-build][0m 1password — already built, skipping
[1;34m[aur-build][0m 1password-cli — already built, skipping
[1;34m[aur-build][0m bibata-cursor-theme — already built, skipping
[1;34m[aur-build][0m elephant — already built, skipping
[1;34m[aur-build][0m macbook12-spi-driver-dkms — already built, skipping
[1;34m[aur-build][0m quickshell-git — already built, skipping
[1;34m[aur-build][0m spotify — already built, skipping
[1;34m[aur-build][0m ttf-ia-writer — already built, skipping
[1;34m[aur-build][0m tzupdate — already built, skipping
[1;34m[aur-build][0m walker — already built, skipping
[1;34m[aur-build][0m xdg-terminal-exec — already built, skipping
[1;34m[aur-build][0m yaru-icon-theme — building via makepkg
Cloning into 'yaru-icon-theme'...
warning: You appear to have cloned an empty repository.
hint: Using 'master' as the name for the initial branch. This default branch name
hint: will change to "main" in Git 3.0. To configure the initial branch name
hint: to use in all of your new repositories, which will suppress this warning,
hint: call:
hint:
hint: 	git config --global init.defaultBranch <name>
hint:
hint: Names commonly chosen instead of 'master' are 'main', 'trunk' and
hint: 'development'. The just-created branch can be renamed via this command:
hint:
hint: 	git branch -m <name>
hint:
hint: Disable this message with "git config set advice.defaultBranchName false"
==> ERROR: PKGBUILD does not exist.
[1;34m[aur-build][0m yaru-icon-theme — BUILD FAILED, continuing without it
[1;34m[aur-build][0m done — 19 package(s) in /vinos/iso/aurrepo
== dropping failed AUR pkg from packages.x86_64: yaru-icon-theme
[mkarchiso] INFO: Validating options...
[mkarchiso] INFO: Done!
[mkarchiso] INFO: mkarchiso configuration settings
[mkarchiso] INFO:              Architecture:   x86_64
[mkarchiso] INFO:         Working directory:   /tmp/vinos-iso-work.2230516
[mkarchiso] INFO:    Installation directory:   arch
[mkarchiso] INFO:                Build date:   2026-07-24T19:03+0000
[mkarchiso] INFO:          Output directory:   /out
[mkarchiso] INFO:        Current build mode:   iso
[mkarchiso] INFO:               Build modes:   iso
[mkarchiso] INFO:                   GPG key:   None
[mkarchiso] INFO:                GPG signer:   None
[mkarchiso] INFO: Code signing certificates:   None
[mkarchiso] INFO:                   Profile:   /vinos/iso/profile
[mkarchiso] INFO: Pacman configuration file:   /vinos/iso/profile/pacman.conf
[mkarchiso] INFO:           Image file name:   vinos-2.0.2-x86_64.iso
[mkarchiso] INFO:          ISO volume label:   VINOS_202607
[mkarchiso] INFO:             ISO publisher:   Vin Patel <https://vinpatel.com>
[mkarchiso] INFO:           ISO application:   vinOS Live
[mkarchiso] INFO:                Boot modes:   bios.syslinux uefi.systemd-boot
[mkarchiso] INFO:             Packages File:   /vinos/iso/profile/packages.x86_64
[mkarchiso] INFO:                  Packages:   1password 1password-cli acpid alacritty alsa-firmware alsa-ucm-conf alsa-utils amd-ucode apparmor apple-bcm-firmware apple-t2-audio-config arch-install-scripts arch-mact2-mirrorlist archinstall avahi b43-fwcutter base base-devel bash-completion bat bcachefs-tools bibata-cursor-theme bind bluetui bluez bluez-utils bolt brightnessctl brltty broadcom-wl btop btrfs-progs chromium clonezilla cloud-init cryptsetup cups cups-browsed cups-filters cups-pdf curl darkhttpd ddrescue dhcpcd diffutils dkms dmidecode dmraid dnsmasq dosfstools dust e2fsprogs edk2-shell efibootmgr egl-wayland elephant espeakup ethtool exfatprogs expac eza f2fs-tools fastfetch fatresize fcitx5 fcitx5-gtk fcitx5-qt fd ffmpeg ffmpegthumbnailer firejail fontconfig foot foot-terminfo fsarchiver fzf git github-cli gnome-calculator gnome-disk-utility gnome-keyring gnome-themes-extra gpart gparted gpm gptfdisk greetd greetd-tuigreet grim grml-zsh-config grub gtk4-layer-shell gum gvfs-mtp gvfs-nfs gvfs-smb hdparm hyperv hypridle hyprland hyprland-guiutils hyprlock hyprpicker hyprsunset imagemagick impala inetutils intel-lpmd intel-media-driver intel-ucode inxi irssi iw iwd jfsutils jq kernel-modules-hook kitty-terminfo kvantum kvantum-qt5 lazygit ldns less lftp libfido2 libqalculate libsecret libusb-compat libva-intel-driver libva-mesa-driver libva-nvidia-driver libxkbcommon linux linux-atm linux-firmware linux-firmware-marvell linux-hardened linux-hardened-headers linux-headers linux-t2 linux-t2-headers livecd-sounds lsscsi lvm2 lynx macbook12-spi-driver-dkms mako man-db man-pages mc mdadm memtest86+ memtest86+-efi mesa mkinitcpio mkinitcpio-archiso mkinitcpio-nfs-utils mmc-utils modemmanager mtools nano nautilus nautilus-python nbd ndisc6 neovim networkmanager nfs-utils nilfs-utils nmap noto-fonts noto-fonts-cjk noto-fonts-emoji nss-mdns ntfs-3g nvidia-open-dkms nvidia-utils nvme-cli obsidian open-iscsi open-vm-tools openconnect openpgp-card-tools openssh openvpn pamixer papirus-icon-theme partclone parted partimage pavucontrol pcsclite pipewire pipewire-alsa pipewire-jack pipewire-pulse playerctl plocate plymouth polkit-gnome power-profiles-daemon ppp pptpclient pv qemu-guest-agent qt5-wayland qt6-wayland qt6ct quickshell-git refind reflector rfkill ripgrep rsync rxvt-unicode-terminfo satty screen sdparm sequoia-sq sg3_utils signal-desktop slurp smartmontools socat sof-firmware spotify squashfs-tools starship sudo sushi swaybg swayosd syslinux system-config-printer systemd-resolvconf t2fanrd tcpdump terminus-font tesseract tesseract-data-eng testdisk thermald tiny-dfr tldr tmux tpm2-tools tpm2-tss ttf-ia-writer ttf-jetbrains-mono-nerd tzupdate udftools udiskie ufw unzip upower usb_modeswitch usbmuxd usbutils uwsm vim virtualbox-guest-utils-nox vpnc vulkan-intel vulkan-radeon walker waybar wget whois wireless-regdb wireless_tools wiremix wireplumber wl-clipboard woff2-font-awesome wpa_supplicant wvdial xdg-desktop-portal-gtk xdg-desktop-portal-hyprland xdg-terminal-exec xdg-utils xfsprogs xl2tpd xmlstarlet zoxide zram-generator zsh
[mkarchiso] INFO: Copying custom pacman.conf to work directory...
[mkarchiso] INFO: Using pacman CacheDir: /var/cache/pacman/pkg/ 
[mkarchiso] INFO: Copying custom airootfs files...
[mkarchiso] INFO: Done!
[mkarchiso] INFO: Installing packages to '/tmp/vinos-iso-work.2230516/x86_64/airootfs/'...
==> Creating install root at /tmp/vinos-iso-work.2230516/x86_64/airootfs
==> Installing packages to /tmp/vinos-iso-work.2230516/x86_64/airootfs
:: Synchronizing package databases...
 core downloading...
 extra downloading...
 arch-mact2 downloading...
 vinos-aur downloading...
resolving dependencies...
:: There are 2 providers available for libxtables.so=12-64:
:: Repository core
   1) iptables  2) iptables-legacy

Enter a number (default=1): 
looking for conflicting packages...

Packages (996) abseil-cpp-20260526.0-2  acl-2.4.0-1  adwaita-cursors-50.0-1  adwaita-fonts-50.0-1  adwaita-icon-theme-50.0-1  adwaita-icon-theme-legacy-46.2-3  alsa-card-profiles-1:1.6.8-1  alsa-lib-1.2.16.1-1  alsa-topology-conf-1.2.5.1-4  aom-3.14.1-1  appstream-1.1.4-2  aquamarine-0.13.0-2  archlinux-keyring-20260707.1-1  at-spi2-core-2.60.5-1  atkmm-2.28.5-2  attr-2.6.0-1  audit-4.1.4-2  autoconf-2.73-1  automake-1.18.1-1  ayatana-ido-0.10.4-1  bash-5.3.15-1  bc-1.08.2-1  binutils-2.46.1+r3+g046eeeef4721-1  bison-3.8.2-8  bluez-libs-5.87-2  boost-libs-1.91.0-2  brotli-1.2.0-1  bubblewrap-0.11.2-1  bzip2-1.0.8-6  c-ares-1.34.8-1  ca-certificates-20240618-1  ca-certificates-mozilla-3.126-1  ca-certificates-utils-20240618-1  cairo-1.18.4-1  cairomm-1.14.6-1  cairomm-1.16-1.18.1-1  ccid-1.8.2-1  cifs-utils-7.5-1  coreutils-9.11-2  cpio-2.15-3  cpptrace-1.0.4-2  cracklib-2.10.3-1  dav1d-1.5.4-1  db5.3-5.3.28-7  dbus-1.16.2-1  dbus-broker-37-3  dbus-broker-units-37-3  dbus-glib-0.114-1  dbus-units-37-3  dconf-0.49.0-1  debugedit-5.3-1  default-cursors-3-1  desktop-file-utils-0.28-1  device-mapper-2.03.41-1  ding-libs-0.7.0-1  djvulibre-3.5.30.1-1  dnssec-anchors-20250524-1  double-conversion-3.4.0-1  drbl-5.9.11-1  duktape-2.7.0-7  ecryptfs-utils-111-9  efivar-39-2  egl-gbm-1.1.3-1  egl-wayland2-1.0.1-1  egl-x11-1.0.5-1  eglexternalplatform-1.2.1-1  electron39-39.8.10-2  elfutils-0.195-1  ell-0.83-1  enchant-2.8.15-2  espeak-ng-1.52.0-1  evince-1:48.4-1  exempi-2.6.6-3  exiv2-0.28.8-2  expat-2.8.2-1  fakeroot-1:1.37.2-2  fcft-3.3.3-1  fftw-3.3.11-1  file-5.48-1  filesystem-2025.10.12-1  findutils-4.11.0-1  flac-1.5.0-1  flex-2.6.4-6  fmt-12.2.0-1  freetype2-2.14.3-1  fribidi-1.0.16-2  fuse-common-3.18.2-1  fuse2-2.9.9-5  fuse3-3.18.2-1  gawk-5.4.1-1  gc-8.2.12-1  gcc-16.1.1+r346+g4e03491b401d-4  gcc-libs-16.1.1+r346+g4e03491b401d-4  gcr-3.41.2-2  gcr-4-4.4.0.1-1  gdb-17.2-1  gdb-common-17.2-1  gdbm-1.26-2  gdk-pixbuf2-2.44.7-1  gettext-1.0-2  gexiv2-0.16.1-1  ghostscript-10.07.1-1  giflib-6.1.3-2  gjs-2:1.88.1-1  glib-networking-1:2.80.1-1  glib2-2.88.2-1  glibc-2.43+r37+gfdf10644d6ee-1  glibmm-2.66.9-1  glibmm-2.68-2.88.1-1  glslang-1:1.4.350.1-1  glycin-2.1.5-2  glycin-gtk4-2.1.5-2  gmp-6.3.0-3  gnome-autoar-0.4.5-1  gnome-desktop-1:44.5-1  gnome-desktop-4-1:44.5-1  gnome-desktop-common-1:44.5-1  gnulib-l10n-20241231-1  gnupg-2.4.9-2  gnutls-3.8.13-2  gobject-introspection-runtime-1.86.0-2  gperftools-2.18.1-1  gpgme-2.1.2-1  gpgmepp-2.1.0-1  gpsd-3.27.5-1  graphene-1.10.8-2  graphite-1:1.3.15-1  greetd-agreety-0.10.3-2  grep-3.12-2  groff-1.24.1-1  gsettings-desktop-schemas-50.1-1  gsettings-system-schemas-50.1-1  gsfonts-20200910-6  gsm-1.0.24-1  gspell-1.14.4-1  gssdp-1.6.6-1  gssproxy-0.9.2-3  gst-plugin-gtk-1.28.5-2  gst-plugins-bad-libs-1.28.5-2  gst-plugins-base-libs-1.28.5-2  gstreamer-1.28.5-2  gtest-1.17.0-2  gtk-layer-shell-0.10.1-1  gtk-update-icon-cache-1:4.22.4-1  gtk3-1:3.24.52-1  gtk4-1:4.22.4-1  gtkmm-4.0-4.22.0-2  gtkmm3-3.24.11-1  gtksourceview4-4.8.4-2  gtksourceview5-5.20.0-1  guile-3.0.11-1  gupnp-1:1.6.10-1  gupnp-dlna-0.12.0-5  gupnp-igd-1.6.0-2  gvfs-1.60.1-1  gzip-1.14-2  harfbuzz-14.2.1-1  hicolor-icon-theme-0.18-1  hidapi-0.15.0-1  highway-1.4.0-1  hwdata-0.409-1  hwloc-2.14.0-1  hyprcursor-0.1.13-7  hyprgraphics-0.5.1-4  hyprlang-0.6.8-5  hyprtoolkit-0.5.4-3  hyprutils-0.14.0-1  hyprwayland-scanner-0.4.6-1  hyprwire-0.3.1-3  iana-etc-20260530-1  icu-78.3-1  ijs-0.35-7  iniparser-4.2.6-2  intel-gmmlib-22.10.0-1  iproute2-7.1.0-1  iptables-1:1.8.13-1  iputils-20250605-1  iso-codes-4.20.1-1  jansson-2.15.0-1  jbig2dec-0.20-2  jbigkit-2.1-8  jemalloc-1:5.3.1-2  js140-140.13.0-1  json-c-0.19-1  json-glib-1.10.8-1  jsoncpp-1.9.6-3  kbd-2.10.0-1  keyutils-1.6.3-4  kmod-34.2-1  krb5-1.22.2-1  kwindowsystem-6.28.0-1  l-smash-2.14.5-4  lame-4.0-1  lbzip2-2.5-6  lcms2-2.19.1-1  ldb-2:4.24.4-1  leancrypto-1.8.0-1  leptonica-1.87.0-1  libadwaita-1:1.9.2-1  libaio-0.3.113-4  libarchive-3.8.8-2  libasan-16.1.1+r346+g4e03491b401d-4  libass-0.17.5-1  libassuan-3.0.0-1  libasyncns-1:0.8+r3+g68cd5af-3  libatasmart-0.19-8  libatomic-16.1.1+r346+g4e03491b401d-4  libavc1394-0.5.4-7  libayatana-appindicator-0.6.0-1  libayatana-indicator-0.9.5-1  libb2-0.98.1-3  libblake3-1.8.4-1  libblockdev-3.5.0-2  libblockdev-crypto-3.5.0-2  libblockdev-fs-3.5.0-2  libblockdev-loop-3.5.0-2  libblockdev-mdraid-3.5.0-2  libblockdev-nvme-3.5.0-2  libblockdev-part-3.5.0-2  libblockdev-smart-3.5.0-2  libblockdev-swap-3.5.0-2  libbluray-1.4.1-1  libbpf-1.7.0-1  libbs2b-3.1.0-10  libbsd-0.12.2-2  libbytesize-2.12-3  libcanberra-1:0.30+r2+gc0620e4-6  libcap-2.78-1  libcap-ng-0.9.3-1  libcbor-0.14.0-1  libcdio-2.3.0-1  libcdio-paranoia-10.2+2.0.2-2  libcloudproviders-0.4.0-1  libcolord-1.4.8-1  libcue-2.3.0-2  libcups-2:2.4.19-1  libcupsfilters-2.1.1-4  libcurl-gnutls-8.21.0-1  libdaemon-0.14-6  libdatrie-0.2.14-1  libdbusmenu-glib-18.10.20180917-1  libdbusmenu-gtk3-18.10.20180917-1  libdecor-0.2.5-1  libdeflate-1.25-1  libdisplay-info-0.3.0-1  libdnet-1.18.2-1  libdovi-3.4.0-1  libdrm-2.4.134-1  libdvdnav-7.0.0-1  libdvdread-7.1.1-1  libdwarf-1:2.3.2-1  libebur128-1.2.6-2  libedit-20260512_3.1-1  libei-1.6.0-1  libelf-0.195-1  libepoxy-1.5.10-3  libevdev-1.13.6-1  libevent-2.1.13-2  libexif-0.6.26-1  libfdk-aac-2.0.3-2  libffi-3.7.1-1  libfontenc-1.1.9-1  libfreeaptx-0.2.2-1  libfyaml-0.9.6-2  libgcc-16.1.1+r346+g4e03491b401d-4  libgcrypt-1.12.2-1  libgee-0.20.8-1  libgfortran-16.1.1+r346+g4e03491b401d-4  libgirepository-1.86.0-2  libgit2-1:1.9.6-1  libglvnd-1.7.0-3  libgomp-16.1.1+r346+g4e03491b401d-4  libgpg-error-1.61-1  libgsf-1.14.58-1  libgudev-238-3  libgxps-0.3.2-5  libhandy-1.8.3-2  libhwasan-16.1.1+r346+g4e03491b401d-4  libice-1.1.2-1  libidn-1.44-1  libidn2-2.3.8-1  libiec61883-1.2.0-9  libimobiledevice-1.4.0-2  libimobiledevice-glue-1.3.2-1  libinih-62-2  libinput-1.31.3-1  libiptcdata-1.0.5-5  libisl-0.28-1  libjpeg-turbo-3.2.0-2  libjxl-0.12.0-1  libksba-1.8.0-1  liblc3-1.1.3-2  libldac-2.0.2.6-1  libldap-2.6.13-1  liblouis-3.38.0-1  liblqr-0.4.3-1  liblsan-16.1.1+r346+g4e03491b401d-4  libluv-1.52.1-1  libmakepkg-dropins-20-1  libmaxminddb-1.13.3-1  libmbim-1.34.0-1  libmd-1.2.0-1  libmm-glib-1.24.2-1  libmnl-1.0.5-2  libmodplug-0.8.9.0-7  libmpc-1.4.1-1  libmpdclient-2.26-1  libmspack-1:1.11-2  libmtp-1.1.23-1  libmysofa-1.3.4-1  libnautilus-extension-50.2.2-1  libndp-1.9-1  libnetfilter_conntrack-1.1.1-1  libnewt-0.52.25-2  libnfnetlink-1.0.2-2  libnfs-6.0.2-5  libnftnl-1.3.1-1  libnghttp2-1.69.0-1  libnghttp3-1.17.0-1  libngtcp2-1.24.0-1  libnice-0.1.23-1  libnl-3.12.0-1  libnm-1.58.0-1  libnotify-0.8.8-1  libnsl-2.0.1-2  libntfs-3g-2026.7.7-1  libnvme-1.16.2-1  libobjc-16.1.1+r346+g4e03491b401d-4  libogg-1.3.6-1  libopenmpt-0.8.7-1  libosinfo-1.12.0-3  libotr-4.1.1-6  libp11-kit-0.26.4-1  libpaper-2.2.8-1  libpcap-1.10.6-1  libpciaccess-0.19-1  libpgm-5.3.128-4  libpipeline-1.5.8-1  libpipewire-1:1.6.8-1  libplacebo-7.360.1-3  libplist-2.7.0-3  libpng-1.6.58-2  libportal-0.10.0-1  libportal-gtk4-0.10.0-1  libppd-2.1.1-2  libproxy-0.5.12-1  libpsl-0.21.5-2  libpulse-17.0+r98+gb096704c0-1  libpwquality-1.4.5-7  libqmi-1.38.0-1  libqrtr-glib-1.4.0-1  libquadmath-16.1.1+r346+g4e03491b401d-4  libraqm-0.11.0-1  libraw1394-2.1.2-4  librsvg-2:2.62.3-1  libsamplerate-0.2.2-3  libsasl-2.1.28-5  libseccomp-2.6.0-1  libsigc++-2.12.2-1  libsigc++-3.0-3.8.1-1  libsm-1.2.6-1  libsndfile-1.2.2-4  libsodium-1.0.22-1  libsonic-0.2.0-2  libsoup3-3.6.6-2  libsoxr-0.1.3-5  libspectre-0.2.12-2  libspeechd-0.12.1-3  libssh-0.12.1-1  libssh2-1.11.1-6  libstdc++-16.1.1+r346+g4e03491b401d-4  libstemmer-3.1.1-1  libsynctex-2026.0-2  libsysprof-capture-50.0-2  libtasn1-4.21.0-1  libtatsu-1.0.5-1  libteam-1.32-3  libthai-0.1.30-1  libtheora-1.2.0-1  libtiff-4.7.2-1  libtirpc-1.3.7-1  libtool-2.6.2-1  libtorrent-rasterbar-1:2.1.0-3  libtsan-16.1.1+r346+g4e03491b401d-4  libubsan-16.1.1+r346+g4e03491b401d-4  libunibreak-7.0-1  libunistring-1.4.2-1  libunwind-1.8.2-1  liburcu-0.15.6-1  liburing-2.15-1  libusb-1.0.30-1  libusbmuxd-2.1.1-2  libutempter-1.2.3-1  libutf8proc-2.11.3-1  libuv-1.52.1-1  libva-2.24.1-1  libvdpau-1.5-4  libverto-0.3.2-6  libvorbis-1.3.7-4  libvpl-2.17.0-1  libvpx-1.16.0-3  libvterm-0.3.3-2  libwacom-2.19.1-1  libwbclient-2:4.24.4-1  libwebp-1.6.0-2  libwireplumber-0.5.15-1  libx11-1.8.13-1  libxau-1.0.12-1  libxaw-1.0.16-2  libxcb-1.17.0-1  libxcomposite-0.4.7-1  libxcrypt-4.5.2-1  libxcursor-1.2.3-1  libxcvt-0.1.3-1  libxdamage-1.1.7-1  libxdmcp-1.1.5-2  libxext-1.3.7-1  libxfixes-6.0.2-1  libxfont2-2.0.8-1  libxft-2.3.9-1  libxi-1.8.3-1  libxinerama-1.1.6-1  libxkbcommon-x11-1.13.2-1  libxkbfile-1.2.0-1  libxml2-2.15.3-1  libxmlb-0.3.28-1  libxmu-1.3.1-1  libxpm-3.5.19-1  libxrandr-1.5.5-1  libxrender-0.9.12-1  libxshmfence-1.3.3-1  libxslt-1.1.45-2  libxss-1.2.5-1  libxt-1.3.1-1  libxtst-1.2.5-1  libxv-1.0.13-1  libxxf86vm-1.1.7-1  libyaml-0.2.5-3  libzip-1.11.4-1  licenses-20240728-1  lilv-0.28.0-1  linux-api-headers-7.1-1  linux-firmware-amdgpu-20260622-1  linux-firmware-atheros-20260622-1  linux-firmware-broadcom-20260622-1  linux-firmware-cirrus-20260622-1  linux-firmware-intel-20260622-1  linux-firmware-mediatek-20260622-1  linux-firmware-nvidia-20260622-1  linux-firmware-other-20260622-1  linux-firmware-radeon-20260622-1  linux-firmware-realtek-20260622-1  linux-firmware-whence-20260622-1  llhttp-9.3.1-1  llvm-libs-22.1.8-2  lm_sensors-1:3.6.2-1  lmdb-0.9.35-1  localsearch-3.11.1-1  lrzip-0.660-1  lsb-release-2.0.r55.a25a4fc-1  lua-5.5.0-2  lua51-lpeg-1.1.0-5  lua54-5.4.8-6  luajit-2.1.1784580905+2460b3f-1  lv2-1.18.10-2  lz4-1:1.10.0-2  lzo-2.10-5  lzop-1.04-4  m4-1.4.21-2  mailcap-2.1.54-2  make-4.4.1-3  md4c-0.5.3-1  minizip-1:1.3.2-3  mkinitcpio-busybox-1.36.1-1  mobile-broadband-provider-info-20251101-1  mpdecimal-4.0.1-3  mpfr-4.2.2-1  mpg123-1.33.5-1  msgpack-c-7.0.1-1  mtdev-1.1.7-1  muparser-2.3.5-2  ncurses-6.6-2  net-tools-2.10-3  nettle-4.0-1  nettle3-3.10.2-2  nfsidmap-2.9.1-1  nftables-1:1.1.6-3  npth-1.8-1  nspr-4.39-1  nss-3.126-1  ntfsprogs-2026.7.7-1  numactl-2.0.19-1  oath-toolkit-2.6.14-4  ocl-icd-2.3.4-1  onetbb-2023.1.0-1  oniguruma-6.9.10-1  open-isns-0.103-1  openbsd-netcat-1.238_1-1  opencore-amr-0.1.6-2  openh264-2.6.0-2  openjpeg2-2.5.4-1  openssl-3.6.3-1  opus-1.6.1-1  orc-0.4.42-1  osinfo-db-20251212-1  p11-kit-0.26.4-1  pacman-7.1.0.r9.g54d9411-2  pacman-mirrorlist-20260610-1  pahole-1:1.31-2  pam-1.7.2-2  pambase-20260616-1  pango-1:1.58.0-1  pangomm-2.46.5-1  pangomm-2.48-2.56.2-1  patch-2.8-1  pbzip2-1.1.13-5  pcaudiolib-1.3-1  pciutils-3.15.0-1  pcre-8.45-4  pcre2-10.47-1  perl-5.42.2-1  perl-error-0.17030-3  perl-mailtools-2.22-3  perl-timedate-2.35-1  pigz-2.8-2  pinentry-1.3.3-1  pipewire-audio-1:1.6.8-1  pixman-0.46.4-1  pixz-1.0.7-5  pkcs11-helper-1.31.0-1  pkgconf-3.0.3-1  polkit-127-3  poppler-26.07.0-1  poppler-data-0.4.12-2  poppler-glib-26.07.0-1  popt-1.19-2  portaudio-1:19.7.0-4  pps-tools-1.0.3-2  procps-ng-4.0.6-3  psmisc-23.7-2  pugixml-1.16-1  python-3.14.6-1  python-annotated-types-0.7.0-3  python-attrs-26.1.0-1  python-cairo-1.29.0-2  python-certifi-2026.06.17-1  python-cffi-2.1.0-1  python-charset-normalizer-3.4.7-1  python-colorama-0.4.6-6  python-configobj-5.0.9-6  python-cryptography-49.0.0-1  python-dbus-1.4.0-2  python-docopt-0.6.2-15  python-gobject-3.56.3-1  python-idna-3.18-1  python-jinja-1:3.1.6-3  python-jsonpatch-1.33-6  python-jsonpointer-3.1.1-1  python-jsonschema-4.26.0-1  python-jsonschema-specifications-2025.9.1-2  python-keyutils-0.6-12  python-legacy-cgi-2.6.4-2  python-linkify-it-py-2.1.0-1  python-markdown-it-py-4.2.0-1  python-markupsafe-3.0.3-1  python-mdurl-0.1.2-9  python-netifaces-0.11.0-9  python-oauthlib-3.3.1-2  python-platformdirs-4.11.0-1  python-pycparser-3.00-1  python-pycups-2.0.4-4  python-pydantic-2.13.4-1  python-pydantic-core-3:2.46.4-1  python-pygments-2.20.0-1  python-pyparted-3.13.0-6  python-pyserial-3.5-8  python-pyxdg-0.28-7  python-referencing-0.37.0-3  python-requests-2.34.2-1  python-rich-15.0.0-1  python-rpds-py-2026.6.3-1  python-shtab-1.8.1-1  python-termcolor-3.3.0-1  python-textual-8.2.8-1  python-typing-inspection-0.4.2-2  python-typing_extensions-4.16.0-1  python-uc-micro-py-2.0.0-1  python-urllib3-2.7.0-1  python-yaml-6.0.3-2  qpdf-12.3.2-2  qt5-base-5.15.19+kde+r96-1  qt5-declarative-5.15.19+kde+r23-1  qt5-svg-5.15.19+kde+r5-1  qt5-translations-5.15.19-1  qt5-x11extras-5.15.19-1  qt6-base-6.11.1-1  qt6-declarative-6.11.1-3  qt6-svg-6.11.1-1  qt6-translations-6.11.1-1  rav1e-0.8.1-3  re2-2:2025.11.05-5  readline-8.3.003-1  rpcbind-1.2.9-1  rubberband-4.0.0-2  sbc-2.2-1  sdbus-cpp-2.3.1-1  sdl2-compat-2.32.70-1  sdl3-3.4.12-1  seatd-0.9.3-1  sed-4.10-1  serd-0.32.10-1  shaderc-2026.2-2  shadow-4.19.4.arch1-1  shared-mime-info-2.5.1-2  slang-2.3.3-4  smbclient-2:4.24.4-1  snappy-1.2.2-3  sndio-1.10.0-1  sord-0.16.22-1  sound-theme-freedesktop-0.8-6  source-highlight-3.1.9-18  spandsp-0.0.6-7  spdlog-1.17.0-2  speex-1.2.1-2  speexdsp-1.2.1-2  spirv-tools-1:1.4.350.1-1  sqlite-3.53.3-1  sratom-0.6.22-1  srt-1.5.6-1  sshfs-3.7.6-1  stoken-0.92-6  svt-av1-4.2.0-1  sysfsutils-2.1.1-2  systemd-261.2-1  systemd-libs-261.2-1  systemd-sysvcompat-261.2-1  talloc-2.4.4-1  tar-1.35-2  tcl-8.6.16-1  tdb-1.4.15-1  tesseract-data-osd-2:4.1.0-5  tevent-1:0.17.1-2  texinfo-7.3-1  thin-provisioning-tools-1.3.3-1  tinysparql-3.11.1-1  tomlplusplus-3.4.0-2  totem-pl-parser-3.26.7-1  tree-sitter-0.26.9-1  tree-sitter-c-0.24.1-2  tree-sitter-lua-0.5.0-3  tree-sitter-markdown-0.5.3-2  tree-sitter-query-0.8.0-2  tree-sitter-vim-0.8.1-3  tree-sitter-vimdoc-4.1.0-2  tslib-1.24-1  ttf-liberation-2.1.5-2  ttf-ubuntu-font-family-1:0.83-2  tzdata-2026c-1  uchardet-0.0.8-4  udisks2-2.11.1-2  unibilium-2.1.2-1  uriparser-1.0.2-1  util-linux-libs-2.42.2-1  v4l-utils-1.32.0-2  vapoursynth-77-2  vid.stab-1.1.1-3  vim-runtime-9.2.0843-1  vmaf-3.2.0-1  volume_key-0.3.12-12  vulkan-headers-1:1.4.350.1-1  vulkan-icd-loader-1.4.350.1-1  vulkan-mesa-implicit-layers-1:26.1.5-1  wayland-1.25.0-1  wayland-protocols-1.49-1  webrtc-audio-processing-1-1.3-5  which-2.25-1  wvstreams-4.6.1-21  x264-3:0.165.r3222.b35605a-2  x265-4.2-2  xcb-imdkit-1.0.9-1  xcb-proto-1.17.0-4  xcb-util-0.4.1-2  xcb-util-cursor-0.1.6-1  xcb-util-errors-1.0.1-2  xcb-util-image-0.4.1-3  xcb-util-keysyms-0.4.1-5  xcb-util-renderutil-0.3.10-2  xcb-util-wm-0.4.2-2  xdg-desktop-portal-1.22.1-2  xdg-user-dirs-0.20-1  xdg-user-dirs-gtk-0.16-1  xkeyboard-config-2.48-1  xmlsec-1.3.12-1  xorg-fonts-encodings-1.1.0-2  xorg-server-common-21.1.24-1  xorg-setxkbmap-1.3.5-1  xorg-xkbcomp-1.5.0-1  xorg-xprop-1.2.8-1  xorg-xwayland-24.1.13-1  xorgproto-2025.1-1  xvidcore-1.3.7-4  xxhash-0.8.3-1  xz-5.8.3-1  yoga-3.2.1-1  yyjson-0.12.0-1  zeromq-4.3.5-3  zimg-3.0.6-2  zix-0.8.2-1  zlib-1:1.3.2-3  zlib-ng-2.3.3-1  zstd-1.5.7-3  1password-8.12.26-40  1password-cli-2.34.1-1  acpid-2.0.34-2  alacritty-0.17.0-1  alsa-firmware-1.2.4-4  alsa-ucm-conf-1.2.16.1-1  alsa-utils-1.2.16-1  amd-ucode-20260622-1  apparmor-4.1.7-1  apple-bcm-firmware-14.0-1  apple-t2-audio-config-0.3-2  arch-install-scripts-31-1  arch-mact2-mirrorlist-3-1  archinstall-4.4-1  avahi-1:0.9rc5-1  b43-fwcutter-020-1  base-3-3  base-devel-1-2  bash-completion-2.18.0-1  bat-0.26.1-2  bcachefs-tools-3:1.38.8-2  bibata-cursor-theme-bin-2.0.7-1  bind-9.20.26-1  bluetui-0.8.1-2  bluez-5.87-2  bluez-utils-5.87-2  bolt-0.9.11-1  brightnessctl-0.5.1-3  brltty-6.9.1-3  broadcom-wl-6.30.223.271-713  btop-1.4.7-1  btrfs-progs-7.1-1  chromium-150.0.7871.181-1  clonezilla-5.16.19-1  cloud-init-26.1-1  cryptsetup-2.8.7-1  cups-2:2.4.19-1  cups-browsed-2.1.1-1  cups-filters-2.0.1-2  cups-pdf-3.0.3-1  curl-8.21.0-1  darkhttpd-1.17-1  ddrescue-1.30-2  dhcpcd-10.3.2-1  diffutils-3.12-2  dkms-3.4.1-1  dmidecode-3.7-1  dmraid-1.0.0.rc16.3-15  dnsmasq-2.93-1  dosfstools-4.2-5  dust-1.2.4-2  e2fsprogs-1.47.4-1  edk2-shell-202605-1  efibootmgr-18-4  egl-wayland-4:1.1.21-1  elephant-2.21.0-1  espeakup-0.90-4  ethtool-1:7.1-1  exfatprogs-1.4.2-1  expac-10-12  eza-0.23.5-2  f2fs-tools-1.16.0-3  fastfetch-2.66.0-1  fatresize-1.1.0-2  fcitx5-5.1.21-1  fcitx5-gtk-5.1.7-1  fcitx5-qt-5.1.14-1  fd-10.4.2-2  ffmpeg-2:8.1.2-10  ffmpegthumbnailer-2.3.0-1  firejail-0.9.80-1  fontconfig-2:2.18.2-1  foot-1.27.0-2  foot-terminfo-1.27.0-2  fsarchiver-0.8.9-1  fzf-0.74.1-1  git-2.55.0-1  github-cli-2.96.0-1  gnome-calculator-50.0-1  gnome-disk-utility-46.1-2  gnome-keyring-1:50.0-1  gnome-themes-extra-1:3.28-1  gpart-0.3-6  gparted-1.8.1-2  gpm-1.20.7.r38.ge82d1a6-6  gptfdisk-1.0.10-2  greetd-0.10.3-2  greetd-tuigreet-0.9.1-2  grim-1.5.0-2  grml-zsh-config-0.19.28-1  grub-2:2.14-1  gtk4-layer-shell-1.3.0-1  gum-0.17.0-1  gvfs-mtp-1.60.1-1  gvfs-nfs-1.60.1-1  gvfs-smb-1.60.1-1  hdparm-9.65-3  hyperv-7.1.4-1  hypridle-0.1.7-10  hyprland-0.56.0-2  hyprland-guiutils-0.2.2-1  hyprlock-0.9.6-1  hyprpicker-0.4.7-2  hyprsunset-0.4.0-3  imagemagick-7.1.2.27-1  impala-0.7.4-1  inetutils-2.8-1  intel-lpmd-0.1.0-4  intel-media-driver-26.1.5-1  intel-ucode-20260512-1  inxi-3.3.41.1-1  irssi-1.4.5-5  iw-6.17-1  iwd-3.12-1  jfsutils-1.1.15-9  jq-1.8.2-1  kernel-modules-hook-0.1.7-3  kitty-terminfo-0.48.1-1  kvantum-1.1.8-1  kvantum-qt5-1.1.8-1  lazygit-0.63.1-1  ldns-1.9.2-1  less-1:704-1  lftp-4.9.3-2  libfido2-1.17.0-1  libqalculate-5.12.0-1  libsecret-0.21.7-1  libusb-compat-0.1.9-1  libva-intel-driver-2.4.5-1  libva-nvidia-driver-0.0.17-1  libxkbcommon-1.13.2-1  linux-7.1.4.arch1-1  linux-atm-2.5.2-9  linux-firmware-20260622-1  linux-firmware-marvell-20260622-1  linux-hardened-7.1.4.hardened1-1  linux-hardened-headers-7.1.4.hardened1-1  linux-headers-7.1.4.arch1-1  linux-t2-7.1.4-2  linux-t2-headers-7.1.4-2  livecd-sounds-1.0-3  lsscsi-0.32-2  lvm2-2.03.41-1  lynx-2.9.3-1  macbook12-spi-driver-dkms-0+git.315-1  mako-1.11.0-1  man-db-2.13.1-2  man-pages-6.18-1  mc-4.8.33-1  mdadm-4.6-2  memtest86+-7.20-2  memtest86+-efi-7.20-2  mesa-1:26.1.5-1  mkinitcpio-41-4  mkinitcpio-archiso-73-1  mkinitcpio-nfs-utils-0.3-8  mmc-utils-1.0-1  modemmanager-1.24.2-1  mtools-1:4.0.49-1  nano-9.1-1  nautilus-50.2.2-1  nautilus-python-4.1.0-3  nbd-3.27.1-4  ndisc6-1.0.8-1  neovim-0.12.4-1  networkmanager-1.58.0-1  nfs-utils-2.9.1-1  nilfs-utils-2.3.0-1  nmap-7.99-3  noto-fonts-1:2026.07.01-1  noto-fonts-cjk-20240730-1  noto-fonts-emoji-1:2.051-1  nss-mdns-0.15.1-2  ntfs-3g-2026.7.7-1  nvidia-open-dkms-610.43.03-3  nvidia-utils-610.43.03-3  nvme-cli-2.16-2  obsidian-1.12.7-3  open-iscsi-2.1.12-1  open-vm-tools-6:13.1.0-2  openconnect-1:9.21-1  openpgp-card-tools-0.11.12-1  openssh-10.4p1-3  openvpn-2.7.5-1  pamixer-1.6-4  papirus-icon-theme-20250501-1  partclone-0.3.47-3  parted-3.7-1  partimage-0.6.9-16  pavucontrol-1:6.2-1  pcsclite-2.5.1-1  pipewire-1:1.6.8-1  pipewire-alsa-1:1.6.8-1  pipewire-jack-1:1.6.8-1  pipewire-pulse-1:1.6.8-1  playerctl-2.4.1-5  plocate-1.1.24-1  plymouth-26.134.222-2  polkit-gnome-0.105-12  power-profiles-daemon-0.30-1  ppp-2.5.3-1  pptpclient-1.10.0-3  pv-1.11.0-1  qemu-guest-agent-11.0.2-4  qt5-wayland-5.15.19+kde+r55-1  qt6-wayland-6.11.1-1  qt6ct-0.11-7  quickshell-git-0.3.0.r18.g10b439f-1  refind-0.14.2-3  reflector-2023-5  ripgrep-15.2.0-1  rsync-3.4.4-1  rxvt-unicode-terminfo-9.31-9  satty-0.21.1-1  screen-5.0.1-3  sdparm-1.12-1  sequoia-sq-1.4.0-1  sg3_utils-1.48-1  signal-desktop-8.20.0-1  slurp-1.5.0-2  smartmontools-7.5-1  socat-1.8.1.3-1  sof-firmware-2025.12.2-1  spotify-1:1.2.92.147-1  squashfs-tools-4.7.5-1  starship-1.26.0-1  sudo-1.9.17.p2-6  sushi-50.0-1  swaybg-1.2.2-1  swayosd-0.3.1-1  syslinux-6.04.pre3.r3.g05ac953c-5  system-config-printer-1.5.18-6  systemd-resolvconf-261.2-1  t2fanrd-r16.48baf96-1  tcpdump-4.99.6-1  terminus-font-4.49.1-8  tesseract-5.5.3-1  tesseract-data-eng-2:4.1.0-5  testdisk-7.2-4  thermald-2:2.5.12-1  tiny-dfr-v0.3.7.r8.g3f666f9-1  tldr-3.4.4-1  tmux-3.7_b-1  tpm2-tools-5.7-1  tpm2-tss-4.1.3-1  ttf-ia-writer-20181225-1  ttf-jetbrains-mono-nerd-3.4.0-2  tzupdate-3.1.0-1  udftools-2.3-3  udiskie-2.6.2-1  ufw-0.36.2-7  unzip-6.0-23  upower-1.91.3-1  usb_modeswitch-2.6.2.20251207-1  usbmuxd-1.1.1-4  usbutils-019-1  util-linux-2.42.2-1  uwsm-0.26.6-1  vim-9.2.0843-1  virtualbox-guest-utils-nox-7.2.14-1  vpnc-1:0.5.3.r557.r241-1  vulkan-intel-1:26.1.5-1  vulkan-radeon-1:26.1.5-1  walker-bin-2.16.2-1  waybar-0.15.0-2  wget-1.25.0-6  whois-5.6.6-1  wireless-regdb-2026.05.30-1  wireless_tools-30.pre9-5  wiremix-0.11.0-1  wireplumber-0.5.15-1  wl-clipboard-1:2.3.0-1  woff2-font-awesome-7.3.1-1  wpa_supplicant-2:2.11-5  wvdial-1.61-10  xdg-desktop-portal-gtk-1.15.3-1  xdg-desktop-portal-hyprland-1.4.0-1  xdg-terminal-exec-0.14.0-1  xdg-utils-1.2.1-2  xfsprogs-7.1.1-1  xl2tpd-1.3.20-1  xmlstarlet-1.6.1-6  zoxide-0.10.0-1  zram-generator-1.2.1-1  zsh-5.9.2-1

Total Download Size:   3253.17 MiB
Total Installed Size:  9890.21 MiB

:: Proceed with installation? [Y/n] 
:: Retrieving packages...
 nvidia-utils-610.43.03-3-x86_64 downloading...
 1password-8.12.26-40-x86_64 downloading...
 noto-fonts-cjk-20240730-1-any downloading...
 linux-t2-7.1.4-2-x86_64 downloading...
 spotify-1:1.2.92.147-1-x86_64 downloading...
 linux-7.1.4.arch1-1-x86_64 downloading...
 linux-hardened-7.1.4.hardened1-1-x86_64 downloading...
 chromium-150.0.7871.181-1-x86_64 downloading...
 linux-firmware-intel-20260622-1-any downloading...
 signal-desktop-8.20.0-1-x86_64 downloading...
 linux-firmware-nvidia-20260622-1-any downloading...
 electron39-39.8.10-2-x86_64 downloading...
 linux-firmware-marvell-20260622-1-any downloading...
 quickshell-git-0.3.0.r18.g10b439f-1-x86_64 downloading...
 linux-headers-7.1.4.arch1-1-x86_64 downloading...
 linux-firmware-atheros-20260622-1-any downloading...
 hyprland-0.56.0-2-x86_64 downloading...
 llvm-libs-22.1.8-2-x86_64 downloading...
 linux-t2-headers-7.1.4-2-x86_64 downloading...
 linux-firmware-mediatek-20260622-1-any downloading...
 bibata-cursor-theme-bin-2.0.7-1-any downloading...
 linux-hardened-headers-7.1.4.hardened1-1-x86_64 downloading...
 linux-firmware-other-20260622-1-any downloading...
 noto-fonts-1:2026.07.01-1-any downloading...
 linux-firmware-amdgpu-20260622-1-any downloading...
 papirus-icon-theme-20250501-1-any downloading...
 ghostscript-10.07.1-1-x86_64 downloading...
 qt6-declarative-6.11.1-3-x86_64 downloading...
 qt6-base-6.11.1-1-x86_64 downloading...
 ffmpeg-2:8.1.2-10-x86_64 downloading...
 nvidia-open-dkms-610.43.03-3-x86_64 downloading...
 js140-140.13.0-1-x86_64 downloading...
 qt5-base-5.15.19+kde+r96-1-x86_64 downloading...
 1password-cli-2.34.1-1-x86_64 downloading...
 mesa-1:26.1.5-1-x86_64 downloading...
 linux-firmware-broadcom-20260622-1-any downloading...
 intel-ucode-20260512-1-any downloading...
 icu-78.3-1-x86_64 downloading...
 github-cli-2.96.0-1-x86_64 downloading...
 ttf-jetbrains-mono-nerd-3.4.0-2-any downloading...
 systemd-261.2-1-x86_64 downloading...
 glibc-2.43+r37+gfdf10644d6ee-1-x86_64 downloading...
 noto-fonts-emoji-1:2.051-1-any downloading...
 gtk4-1:4.22.4-1-x86_64 downloading...
 tesseract-data-eng-2:4.1.0-5-any downloading...
 imagemagick-7.1.2.27-1-x86_64 downloading...
 gtk3-1:3.24.52-1-x86_64 downloading...
 fcitx5-5.1.21-1-x86_64 downloading...
 binutils-2.46.1+r3+g046eeeef4721-1-x86_64 downloading...
 elephant-2.21.0-1-x86_64 downloading...
 vim-runtime-9.2.0843-1-x86_64 downloading...
 grub-2:2.14-1-x86_64 downloading...
 smbclient-2:4.24.4-1-x86_64 downloading...
 intel-media-driver-26.1.5-1-x86_64 downloading...
 neovim-0.12.4-1-x86_64 downloading...
 espeak-ng-1.52.0-1-x86_64 downloading...
 apple-bcm-firmware-14.0-1-any downloading...
 linux-firmware-realtek-20260622-1-any downloading...
 obsidian-1.12.7-3-x86_64 downloading...
 util-linux-2.42.2-1-x86_64 downloading...
 nmap-7.99-3-x86_64 downloading...
 sequoia-sq-1.4.0-1-x86_64 downloading...
 man-pages-6.18-1-any downloading...
 openssl-3.6.3-1-x86_64 downloading...
 lazygit-0.63.1-1-x86_64 downloading...
 cups-2:2.4.19-1-x86_64 downloading...
 glib2-2.88.2-1-x86_64 downloading...
 qt5-declarative-5.15.19+kde+r23-1-x86_64 downloading...
 vulkan-intel-1:26.1.5-1-x86_64 downloading...
 tcl-8.6.16-1-x86_64 downloading...
 networkmanager-1.58.0-1-x86_64 downloading...
 glycin-2.1.5-2-x86_64 downloading...
 starship-1.26.0-1-x86_64 downloading...
 tesseract-data-osd-2:4.1.0-5-any downloading...
 gum-0.17.0-1-x86_64 downloading...
 libtorrent-rasterbar-1:2.1.0-3-x86_64 downloading...
 iso-codes-4.20.1-1-any downloading...
 vulkan-radeon-1:26.1.5-1-x86_64 downloading...
 alsa-firmware-1.2.4-4-any downloading...
 opus-1.6.1-1-x86_64 downloading...
 gettext-1.0-2-x86_64 downloading...
 libqalculate-5.12.0-1-x86_64 downloading...
 gst-plugins-bad-libs-1.28.5-2-x86_64 downloading...
 aom-3.14.1-1-x86_64 downloading...
 coreutils-9.11-2-x86_64 downloading...
 gnupg-2.4.9-2-x86_64 downloading...
 exiv2-0.28.8-2-x86_64 downloading...
 linux-firmware-cirrus-20260622-1-any downloading...
 fftw-3.3.11-1-x86_64 downloading...
 bcachefs-tools-3:1.38.8-2-x86_64 downloading...
 liblouis-3.38.0-1-x86_64 downloading...
 vim-9.2.0843-1-x86_64 downloading...
 glslang-1:1.4.350.1-1-x86_64 downloading...
 bat-0.26.1-2-x86_64 downloading...
 alacritty-0.17.0-1-x86_64 downloading...
 gst-plugins-base-libs-1.28.5-2-x86_64 downloading...
 python-pygments-2.20.0-1-any downloading...
 sqlite-3.53.3-1-x86_64 downloading...
 gnome-themes-extra-1:3.28-1-any downloading...
 walker-bin-2.16.2-1-x86_64 downloading...
 librsvg-2:2.62.3-1-x86_64 downloading...
 nautilus-50.2.2-1-x86_64 downloading...
 appstream-1.1.4-2-x86_64 downloading...
 openpgp-card-tools-0.11.12-1-x86_64 downloading...
 zsh-5.9.2-1-x86_64 downloading...
 linux-firmware-radeon-20260622-1-any downloading...
 satty-0.21.1-1-x86_64 downloading...
 adwaita-icon-theme-legacy-46.2-3-any downloading...
 bind-9.20.26-1-x86_64 downloading...
 adwaita-fonts-50.0-1-any downloading...
 evince-1:48.4-1-x86_64 downloading...
 gstreamer-1.28.5-2-x86_64 downloading...
 x265-4.2-2-x86_64 downloading...
 spirv-tools-1:1.4.350.1-1-x86_64 downloading...
 gnome-calculator-50.0-1-x86_64 downloading...
 libx11-1.8.13-1-x86_64 downloading...
 v4l-utils-1.32.0-2-x86_64 downloading...
 svt-av1-4.2.0-1-x86_64 downloading...
 gparted-1.8.1-2-x86_64 downloading...
 qt6-translations-6.11.1-1-any downloading...
 libqmi-1.38.0-1-x86_64 downloading...
 bash-5.3.15-1-x86_64 downloading...
 poppler-data-0.4.12-2-any downloading...
 qt5-translations-5.15.19-1-any downloading...
 libjxl-0.12.0-1-x86_64 downloading...
 swayosd-0.3.1-1-x86_64 downloading...
 mc-4.8.33-1-x86_64 downloading...
 poppler-26.07.0-1-x86_64 downloading...
 gnutls-3.8.13-2-x86_64 downloading...
 brltty-6.9.1-3-x86_64 downloading...
 vulkan-headers-1:1.4.350.1-1-any downloading...
 lvm2-2.03.41-1-x86_64 downloading...
 pipewire-audio-1:1.6.8-1-x86_64 downloading...
 sdl3-3.4.12-1-x86_64 downloading...
 wpa_supplicant-2:2.11-5-x86_64 downloading...
 nss-3.126-1-x86_64 downloading...
 hwdata-0.409-1-any downloading...
 tesseract-5.5.3-1-x86_64 downloading...
 fzf-0.74.1-1-x86_64 downloading...
 sof-firmware-2025.12.2-1-x86_64 downloading...
 drbl-5.9.11-1-any downloading...
 python-pydantic-core-3:2.46.4-1-x86_64 downloading...
 impala-0.7.4-1-x86_64 downloading...
 pcre2-10.47-1-x86_64 downloading...
 broadcom-wl-6.30.223.271-713-x86_64 downloading...
 gsfonts-20200910-6-any downloading...
 rav1e-0.8.1-3-x86_64 downloading...
 ttf-liberation-2.1.5-2-any downloading...
 gtkmm-4.0-4.22.0-2-x86_64 downloading...
 linux-api-headers-7.1-1-x86_64 downloading...
 gawk-5.4.1-1-x86_64 downloading...
 ttf-ubuntu-font-family-1:0.83-2-any downloading...
 python-cryptography-49.0.0-1-x86_64 downloading...
 python-textual-8.2.8-1-any downloading...
 leancrypto-1.8.0-1-x86_64 downloading...
 openssh-10.4p1-3-x86_64 downloading...
 cloud-init-26.1-1-any downloading...
 xfsprogs-7.1.1-1-x86_64 downloading...
 systemd-libs-261.2-1-x86_64 downloading...
 gtkmm3-3.24.11-1-x86_64 downloading...
 ripgrep-15.2.0-1-x86_64 downloading...
 syslinux-6.04.pre3.r3.g05ac953c-5-x86_64 downloading...
 krb5-1.22.2-1-x86_64 downloading...
 libsamplerate-0.2.2-3-x86_64 downloading...
 abseil-cpp-20260526.0-2-x86_64 downloading...
 wvstreams-4.6.1-21-x86_64 downloading...
 lynx-2.9.3-1-x86_64 downloading...
 libvpx-1.16.0-3-x86_64 downloading...
 btrfs-progs-7.1-1-x86_64 downloading...
 apparmor-4.1.7-1-x86_64 downloading...
 kbd-2.10.0-1-x86_64 downloading...
 curl-8.21.0-1-x86_64 downloading...
 harfbuzz-14.2.1-1-x86_64 downloading...
 greetd-tuigreet-0.9.1-2-x86_64 downloading...
 e2fsprogs-1.47.4-1-x86_64 downloading...
 wiremix-0.11.0-1-x86_64 downloading...
 terminus-font-4.49.1-8-any downloading...
 system-config-printer-1.5.18-6-x86_64 downloading...
 archlinux-keyring-20260707.1-1-any downloading...
 bluetui-0.8.1-2-x86_64 downloading...
 alsa-utils-1.2.16-1-x86_64 downloading...
 leptonica-1.87.0-1-x86_64 downloading...
 highway-1.4.0-1-x86_64 downloading...
 iproute2-7.1.0-1-x86_64 downloading...
 shadow-4.19.4.arch1-1-x86_64 downloading...
 ncurses-6.6-2-x86_64 downloading...
 tzupdate-3.1.0-1-x86_64 downloading...
 man-db-2.13.1-2-x86_64 downloading...
 gpsd-3.27.5-1-x86_64 downloading...
 fd-10.4.2-2-x86_64 downloading...
 modemmanager-1.24.2-1-x86_64 downloading...
 kvantum-1.1.8-1-x86_64 downloading...
 bluez-utils-5.87-2-x86_64 downloading...
 libmysofa-1.3.4-1-x86_64 downloading...
 qt5-wayland-5.15.19+kde+r55-1-x86_64 downloading...
 glibmm-2.68-2.88.1-1-x86_64 downloading...
 djvulibre-3.5.30.1-1-x86_64 downloading...
 libva-intel-driver-2.4.5-1-x86_64 downloading...
 tinysparql-3.11.1-1-x86_64 downloading...
 sg3_utils-1.48-1-x86_64 downloading...
 vapoursynth-77-2-x86_64 downloading...
 plymouth-26.134.222-2-x86_64 downloading...
 gnome-disk-utility-46.1-2-x86_64 downloading...
 qpdf-12.3.2-2-x86_64 downloading...
 archinstall-4.4-1-any downloading...
 glibmm-2.66.9-1-x86_64 downloading...
 thin-provisioning-tools-1.3.3-1-x86_64 downloading...
 open-vm-tools-6:13.1.0-2-x86_64 downloading...
 libgit2-1:1.9.6-1-x86_64 downloading...
 xorg-xwayland-24.1.13-1-x86_64 downloading...
 pcre-8.45-4-x86_64 downloading...
 procps-ng-4.0.6-3-x86_64 downloading...
 libxcb-1.17.0-1-x86_64 downloading...
 dust-1.2.4-2-x86_64 downloading...
 gtksourceview5-5.20.0-1-x86_64 downloading...
 refind-0.14.2-3-x86_64 downloading...
 openconnect-1:9.21-1-x86_64 downloading...
 edk2-shell-202605-1-any downloading...
 gtksourceview4-4.8.4-2-x86_64 downloading...
 gvfs-1.60.1-1-x86_64 downloading...
 pacman-7.1.0.r9.g54d9411-2-x86_64 downloading...
 tpm2-tss-4.1.3-1-x86_64 downloading...
 clonezilla-5.16.19-1-x86_64 downloading...
 libnm-1.58.0-1-x86_64 downloading...
 libgfortran-16.1.1+r346+g4e03491b401d-4-x86_64 downloading...
 libopenmpt-0.8.7-1-x86_64 downloading...
 openjpeg2-2.5.4-1-x86_64 downloading...
 python-pydantic-2.13.4-1-any downloading...
 nvme-cli-2.16-2-x86_64 downloading...
 xkeyboard-config-2.48-1-any downloading...
 libbluray-1.4.1-1-x86_64 downloading...
 waybar-0.15.0-2-x86_64 downloading...
 xz-5.8.3-1-x86_64 downloading...
 cryptsetup-2.8.7-1-x86_64 downloading...
 libcap-2.78-1-x86_64 downloading...
 slang-2.3.3-4-x86_64 downloading...
 gsettings-desktop-schemas-50.1-1-any downloading...
 qt6-wayland-6.11.1-1-x86_64 downloading...
 libadwaita-1:1.9.2-1-x86_64 downloading...
 udisks2-2.11.1-2-x86_64 downloading...
 lftp-4.9.3-2-x86_64 downloading...
 tar-1.35-2-x86_64 downloading...
 libxml2-2.15.3-1-x86_64 downloading...
 x264-3:0.165.r3222.b35605a-2-x86_64 downloading...
 shared-mime-info-2.5.1-2-x86_64 downloading...
 xmlsec-1.3.12-1-x86_64 downloading...
 libgcrypt-1.12.2-1-x86_64 downloading...
 gcr-3.41.2-2-x86_64 downloading...
 libunistring-1.4.2-1-x86_64 downloading...
 tpm2-tools-5.7-1-x86_64 downloading...
 gnome-keyring-1:50.0-1-x86_64 downloading...
 irssi-1.4.5-5-x86_64 downloading...
 libfdk-aac-2.0.3-2-x86_64 downloading...
 eza-0.23.5-2-x86_64 downloading...
 pipewire-1:1.6.8-1-x86_64 downloading...
 wget-1.25.0-6-x86_64 downloading...
 gjs-2:1.88.1-1-x86_64 downloading...
 bluez-5.87-2-x86_64 downloading...
 libimobiledevice-1.4.0-2-x86_64 downloading...
 dav1d-1.5.4-1-x86_64 downloading...
 openvpn-2.7.5-1-x86_64 downloading...
 nano-9.1-1-x86_64 downloading...
 openh264-2.6.0-2-x86_64 downloading...
 tiny-dfr-v0.3.7.r8.g3f666f9-1-x86_64 downloading...
 libelf-0.195-1-x86_64 downloading...
 localsearch-3.11.1-1-x86_64 downloading...
 fastfetch-2.66.0-1-x86_64 downloading...
 smartmontools-7.5-1-x86_64 downloading...
 libcupsfilters-2.1.1-4-x86_64 downloading...
 cairo-1.18.4-1-x86_64 downloading...
 firejail-0.9.80-1-x86_64 downloading...
 libmtp-1.1.23-1-x86_64 downloading...
 libjpeg-turbo-3.2.0-2-x86_64 downloading...
 iwd-3.12-1-x86_64 downloading...
 btop-1.4.7-1-x86_64 downloading...
 pam-1.7.2-2-x86_64 downloading...
 at-spi2-core-2.60.5-1-x86_64 downloading...
 hwloc-2.14.0-1-x86_64 downloading...
 libarchive-3.8.8-2-x86_64 downloading...
 python-rich-15.0.0-1-any downloading...
 xorg-fonts-encodings-1.1.0-2-any downloading...
 libmm-glib-1.24.2-1-x86_64 downloading...
 zeromq-4.3.5-3-x86_64 downloading...
 exempi-2.6.6-3-x86_64 downloading...
 gcr-4-4.4.0.1-1-x86_64 downloading...
 parted-3.7-1-x86_64 downloading...
 srt-1.5.6-1-x86_64 downloading...
 freetype2-2.14.3-1-x86_64 downloading...
 webrtc-audio-processing-1-1.3-5-x86_64 downloading...
 tmux-3.7_b-1-x86_64 downloading...
 libxt-1.3.1-1-x86_64 downloading...
 libexif-0.6.26-1-x86_64 downloading...
 alsa-lib-1.2.16.1-1-x86_64 downloading...
 libplacebo-7.360.1-3-x86_64 downloading...
 util-linux-libs-2.42.2-1-x86_64 downloading...
 libp11-kit-0.26.4-1-x86_64 downloading...
 findutils-4.11.0-1-x86_64 downloading...
 partclone-0.3.47-3-x86_64 downloading...
 zstd-1.5.7-3-x86_64 downloading...
 libpipewire-1:1.6.8-1-x86_64 downloading...
 screen-5.0.1-3-x86_64 downloading...
 gperftools-2.18.1-1-x86_64 downloading...
 dnsmasq-2.93-1-x86_64 downloading...
 gdk-pixbuf2-2.44.7-1-x86_64 downloading...
 vmaf-3.2.0-1-x86_64 downloading...
 ldb-2:4.24.4-1-x86_64 downloading...
 ldns-1.9.2-1-x86_64 downloading...
 speex-1.2.1-2-x86_64 downloading...
 libmbim-1.34.0-1-x86_64 downloading...
 sdl2-compat-2.32.70-1-x86_64 downloading...
 libdwarf-1:2.3.2-1-x86_64 downloading...
 testdisk-7.2-4-x86_64 downloading...
 fcitx5-qt-5.1.14-1-x86_64 downloading...
 libhandy-1.8.3-2-x86_64 downloading...
 avahi-1:0.9rc5-1-x86_64 downloading...
 nettle-4.0-1-x86_64 downloading...
 libfyaml-0.9.6-2-x86_64 downloading...
 mpg123-1.33.5-1-x86_64 downloading...
 file-5.48-1-x86_64 downloading...
 speexdsp-1.2.1-2-x86_64 downloading...
 zoxide-0.10.0-1-x86_64 downloading...
 xdg-desktop-portal-1.22.1-2-x86_64 downloading...
 gnome-desktop-common-1:44.5-1-x86_64 downloading...
 virtualbox-guest-utils-nox-7.2.14-1-x86_64 downloading...
 gmp-6.3.0-3-x86_64 downloading...
 pango-1:1.58.0-1-x86_64 downloading...
 open-iscsi-2.1.12-1-x86_64 downloading...
 mpfr-4.2.2-1-x86_64 downloading...
 nftables-1:1.1.6-3-x86_64 downloading...
 libcurl-gnutls-8.21.0-1-x86_64 downloading...
 tcpdump-4.99.6-1-x86_64 downloading...
 libtheora-1.2.0-1-x86_64 downloading...
 libnl-3.12.0-1-x86_64 downloading...
 spandsp-0.0.6-7-x86_64 downloading...
 iptables-1:1.8.13-1-x86_64 downloading...
 mdadm-4.6-2-x86_64 downloading...
 hyprtoolkit-0.5.4-3-x86_64 downloading...
 aquamarine-0.13.0-2-x86_64 downloading...
 polkit-127-3-x86_64 downloading...
 libtiff-4.7.2-1-x86_64 downloading...
 readline-8.3.003-1-x86_64 downloading...
 fontconfig-2:2.18.2-1-x86_64 downloading...
 nfs-utils-2.9.1-1-x86_64 downloading...
 iana-etc-20260530-1-any downloading...
 libpulse-17.0+r98+gb096704c0-1-x86_64 downloading...
 onetbb-2023.1.0-1-x86_64 downloading...
 libsoup3-3.6.6-2-x86_64 downloading...
 ttf-ia-writer-20181225-1-any downloading...
 brotli-1.2.0-1-x86_64 downloading...
 audit-4.1.4-2-x86_64 downloading...
 gtest-1.17.0-2-x86_64 downloading...
 ca-certificates-mozilla-3.126-1-x86_64 downloading...
 lua-5.5.0-2-x86_64 downloading...
 nettle3-3.10.2-2-x86_64 downloading...
 jemalloc-1:5.3.1-2-x86_64 downloading...
 kvantum-qt5-1.1.8-1-x86_64 downloading...
 sound-theme-freedesktop-0.8-6-any downloading...
 poppler-glib-26.07.0-1-x86_64 downloading...
 lua54-5.4.8-6-x86_64 downloading...
 adwaita-cursors-50.0-1-any downloading...
 libdrm-2.4.134-1-x86_64 downloading...
 inxi-3.3.41.1-1-any downloading...
 libxaw-1.0.16-2-x86_64 downloading...
 dbus-1.16.2-1-x86_64 downloading...
 luajit-2.1.1784580905+2460b3f-1-x86_64 downloading...
 foot-1.27.0-2-x86_64 downloading...
 flac-1.5.0-1-x86_64 downloading...
 ppp-2.5.3-1-x86_64 downloading...
 qemu-guest-agent-11.0.2-4-x86_64 downloading...
 zram-generator-1.2.1-1-x86_64 downloading...
 libwebp-1.6.0-2-x86_64 downloading...
 gpgme-2.1.2-1-x86_64 downloading...
 pahole-1:1.31-2-x86_64 downloading...
 libglvnd-1.7.0-3-x86_64 downloading...
 python-jinja-1:3.1.6-3-any downloading...
 xcb-imdkit-1.0.9-1-x86_64 downloading...
 python-gobject-3.56.3-1-x86_64 downloading...
 orc-0.4.42-1-x86_64 downloading...
 l-smash-2.14.5-4-x86_64 downloading...
 inetutils-2.8-1-x86_64 downloading...
 libppd-2.1.1-2-x86_64 downloading...
 libsndfile-1.2.2-4-x86_64 downloading...
 libnice-0.1.23-1-x86_64 downloading...
 intel-gmmlib-22.10.0-1-x86_64 downloading...
 lame-4.0-1-x86_64 downloading...
 libnvme-1.16.2-1-x86_64 downloading...
 device-mapper-2.03.41-1-x86_64 downloading...
 hyprlock-0.9.6-1-x86_64 downloading...
 libepoxy-1.5.10-3-x86_64 downloading...
 tzdata-2026c-1-x86_64 downloading...
 libidn-1.44-1-x86_64 downloading...
 qt6-svg-6.11.1-1-x86_64 downloading...
 linux-atm-2.5.2-9-x86_64 downloading...
 ethtool-1:7.1-1-x86_64 downloading...
 rubberband-4.0.0-2-x86_64 downloading...
 python-cffi-2.1.0-1-x86_64 downloading...
 libwireplumber-0.5.15-1-x86_64 downloading...
 xdg-desktop-portal-hyprland-1.4.0-1-x86_64 downloading...
 libpcap-1.10.6-1-x86_64 downloading...
 libevent-2.1.13-2-x86_64 downloading...
 ntfsprogs-2026.7.7-1-x86_64 downloading...
 wireplumber-0.5.15-1-x86_64 downloading...
 pixman-0.46.4-1-x86_64 downloading...
 libdovi-3.4.0-1-x86_64 downloading...
 greetd-0.10.3-2-x86_64 downloading...
 libldap-2.6.13-1-x86_64 downloading...
 libgsf-1.14.58-1-x86_64 downloading...
 libxkbcommon-1.13.2-1-x86_64 downloading...
 libgee-0.20.8-1-x86_64 downloading...
 mkinitcpio-busybox-1.36.1-1-x86_64 downloading...
 cracklib-2.10.3-1-x86_64 downloading...
 libgpg-error-1.61-1-x86_64 downloading...
 libcups-2:2.4.19-1-x86_64 downloading...
 libthai-0.1.30-1-x86_64 downloading...
 libosinfo-1.12.0-3-x86_64 downloading...
 libbpf-1.7.0-1-x86_64 downloading...
 liburing-2.15-1-x86_64 downloading...
 libuv-1.52.1-1-x86_64 downloading...
 thermald-2:2.5.12-1-x86_64 downloading...
 libblockdev-3.5.0-2-x86_64 downloading...
 python-rpds-py-2026.6.3-1-x86_64 downloading...
 t2fanrd-r16.48baf96-1-x86_64 downloading...
 libssh-0.12.1-1-x86_64 downloading...
 libssh2-1.11.1-6-x86_64 downloading...
 libpng-1.6.58-2-x86_64 downloading...
 psmisc-23.7-2-x86_64 downloading...
 woff2-font-awesome-7.3.1-1-any downloading...
 libzip-1.11.4-1-x86_64 downloading...
 libcdio-2.3.0-1-x86_64 downloading...
 p11-kit-0.26.4-1-x86_64 downloading...
 gdbm-1.26-2-x86_64 downloading...
 sdbus-cpp-2.3.1-1-x86_64 downloading...
 ell-0.83-1-x86_64 downloading...
 sed-4.10-1-x86_64 downloading...
 kwindowsystem-6.28.0-1-x86_64 downloading...
 python-urllib3-2.7.0-1-any downloading...
 oath-toolkit-2.6.14-4-x86_64 downloading...
 amd-ucode-20260622-1-any downloading...
 xorgproto-2025.1-1-any downloading...
 zimg-3.0.6-2-x86_64 downloading...
 c-ares-1.34.8-1-x86_64 downloading...
 re2-2:2025.11.05-5-x86_64 downloading...
 libvpl-2.17.0-1-x86_64 downloading...
 grep-3.12-2-x86_64 downloading...
 gptfdisk-1.0.10-2-x86_64 downloading...
 lcms2-2.19.1-1-x86_64 downloading...
 libgomp-16.1.1+r346+g4e03491b401d-4-x86_64 downloading...
 partimage-0.6.9-16-x86_64 downloading...
 libinput-1.31.3-1-x86_64 downloading...
 socat-1.8.1.3-1-x86_64 downloading...
 libntfs-3g-2026.7.7-1-x86_64 downloading...
 python-charset-normalizer-3.4.7-1-x86_64 downloading...
 bash-completion-2.18.0-1-any downloading...
 oniguruma-6.9.10-1-x86_64 downloading...
 dhcpcd-10.3.2-1-x86_64 downloading...
 hyprcursor-0.1.13-7-x86_64 downloading...
 libngtcp2-1.24.0-1-x86_64 downloading...
 xvidcore-1.3.7-4-x86_64 downloading...
 pavucontrol-1:6.2-1-x86_64 downloading...
 xmlstarlet-1.6.1-6-x86_64 downloading...
 pipewire-pulse-1:1.6.8-1-x86_64 downloading...
 libsodium-1.0.22-1-x86_64 downloading...
 osinfo-db-20251212-1-any downloading...
 f2fs-tools-1.16.0-3-x86_64 downloading...
 jq-1.8.2-1-x86_64 downloading...
 python-oauthlib-3.3.1-2-any downloading...
 libva-2.24.1-1-x86_64 downloading...
 libxslt-1.1.45-2-x86_64 downloading...
 adwaita-icon-theme-50.0-1-any downloading...
 nspr-4.39-1-x86_64 downloading...
 cpptrace-1.0.4-2-x86_64 downloading...
 fmt-12.2.0-1-x86_64 downloading...
 hyprwire-0.3.1-3-x86_64 downloading...
 python-yaml-6.0.3-2-x86_64 downloading...
 libogg-1.3.6-1-x86_64 downloading...
 libfido2-1.17.0-1-x86_64 downloading...
 greetd-agreety-0.10.3-2-x86_64 downloading...
 python-jsonschema-4.26.0-1-any downloading...
 cups-filters-2.0.1-2-x86_64 downloading...
 libsecret-0.21.7-1-x86_64 downloading...
 libcolord-1.4.8-1-x86_64 downloading...
 libwacom-2.19.1-1-x86_64 downloading...
 libvorbis-1.3.7-4-x86_64 downloading...
 libnfs-6.0.2-5-x86_64 downloading...
 jfsutils-1.1.15-9-x86_64 downloading...
 libpgm-5.3.128-4-x86_64 downloading...
 hyprland-guiutils-0.2.2-1-x86_64 downloading...
 hyprutils-0.14.0-1-x86_64 downloading...
 duktape-2.7.0-7-x86_64 downloading...
 json-glib-1.10.8-1-x86_64 downloading...
 muparser-2.3.5-2-x86_64 downloading...
 libtirpc-1.3.7-1-x86_64 downloading...
 tomlplusplus-3.4.0-2-x86_64 downloading...
 upower-1.91.3-1-x86_64 downloading...
 qt6ct-0.11-7-x86_64 downloading...
 pipewire-jack-1:1.6.8-1-x86_64 downloading...
 libmodplug-0.8.9.0-7-x86_64 downloading...
 lrzip-0.660-1-x86_64 downloading...
 python-pyserial-3.5-8-any downloading...
 cups-browsed-2.1.1-1-x86_64 downloading...
 pinentry-1.3.3-1-x86_64 downloading...
 libquadmath-16.1.1+r346+g4e03491b401d-4-x86_64 downloading...
 shaderc-2026.2-2-x86_64 downloading...
 sdparm-1.12-1-x86_64 downloading...
 libplist-2.7.0-3-x86_64 downloading...
 udiskie-2.6.2-1-any downloading...
 less-1:704-1-x86_64 downloading...
 jsoncpp-1.9.6-3-x86_64 downloading...
 libbsd-0.12.2-2-x86_64 downloading...
 gpgmepp-2.1.0-1-x86_64 downloading...
 spdlog-1.17.0-2-x86_64 downloading...
 vulkan-icd-loader-1.4.350.1-1-x86_64 downloading...
 lz4-1:1.10.0-2-x86_64 downloading...
 python-markdown-it-py-4.2.0-1-any downloading...
 libxmlb-0.3.28-1-x86_64 downloading...
 lv2-1.18.10-2-x86_64 downloading...
 yyjson-0.12.0-1-x86_64 downloading...
 bolt-0.9.11-1-x86_64 downloading...
 libxi-1.8.3-1-x86_64 downloading...
 libksba-1.8.0-1-x86_64 downloading...
 qt5-svg-5.15.19+kde+r5-1-x86_64 downloading...
 pciutils-3.15.0-1-x86_64 downloading...
 tree-sitter-vim-0.8.1-3-x86_64 downloading...
 libstemmer-3.1.1-1-x86_64 downloading...
 libgirepository-1.86.0-2-x86_64 downloading...
 acl-2.4.0-1-x86_64 downloading...
 dbus-broker-37-3-x86_64 downloading...
 libsasl-2.1.28-5-x86_64 downloading...
 python-requests-2.34.2-1-any downloading...
 efivar-39-2-x86_64 downloading...
 wayland-1.25.0-1-x86_64 downloading...
 plocate-1.1.24-1-x86_64 downloading...
 ufw-0.36.2-7-any downloading...
 opencore-amr-0.1.6-2-x86_64 downloading...
 unzip-6.0-23-x86_64 downloading...
 libdvdread-7.1.1-1-x86_64 downloading...
 glib-networking-1:2.80.1-1-x86_64 downloading...
 iputils-20250605-1-x86_64 downloading...
 wayland-protocols-1.49-1-any downloading...
 udftools-2.3-3-x86_64 downloading...
 open-isns-0.103-1-x86_64 downloading...
 gpm-1.20.7.r38.ge82d1a6-6-x86_64 downloading...
 fuse3-3.18.2-1-x86_64 downloading...
 ddrescue-1.30-2-x86_64 downloading...
 net-tools-2.10-3-x86_64 downloading...
 dbus-glib-0.114-1-x86_64 downloading...
 lm_sensors-1:3.6.2-1-x86_64 downloading...
 libtasn1-4.21.0-1-x86_64 downloading...
 liburcu-0.15.6-1-x86_64 downloading...
 libidn2-2.3.8-1-x86_64 downloading...
 glycin-gtk4-2.1.5-2-x86_64 downloading...
 wireless_tools-30.pre9-5-x86_64 downloading...
 alsa-ucm-conf-1.2.16.1-1-any downloading...
 kmod-34.2-1-x86_64 downloading...
 volume_key-0.3.12-12-x86_64 downloading...
 xcb-proto-1.17.0-4-any downloading...
 expat-2.8.2-1-x86_64 downloading...
 gupnp-1:1.6.10-1-x86_64 downloading...
 libunwind-1.8.2-1-x86_64 downloading...
 sndio-1.10.0-1-x86_64 downloading...
 pv-1.11.0-1-x86_64 downloading...
 libass-0.17.5-1-x86_64 downloading...
 gnulib-l10n-20241231-1-any downloading...
 tree-sitter-markdown-0.5.3-2-x86_64 downloading...
 dmraid-1.0.0.rc16.3-15-x86_64 downloading...
 libdisplay-info-0.3.0-1-x86_64 downloading...
 python-dbus-1.4.0-2-x86_64 downloading...
 totem-pl-parser-3.26.7-1-x86_64 downloading...
 ecryptfs-utils-111-9-x86_64 downloading...
 libxfont2-2.0.8-1-x86_64 downloading...
 liblc3-1.1.3-2-x86_64 downloading...
 gnome-desktop-4-1:44.5-1-x86_64 downloading...
 python-attrs-26.1.0-1-any downloading...
 fuse2-2.9.9-5-x86_64 downloading...
 libedit-20260512_3.1-1-x86_64 downloading...
 pangomm-2.48-2.56.2-1-x86_64 downloading...
 gnome-desktop-1:44.5-1-x86_64 downloading...
 hyprlang-0.6.8-5-x86_64 downloading...
 pugixml-1.16-1-x86_64 downloading...
 libei-1.6.0-1-x86_64 downloading...
 nilfs-utils-2.3.0-1-x86_64 downloading...
 tree-sitter-0.26.9-1-x86_64 downloading...
 lmdb-0.9.35-1-x86_64 downloading...
 libassuan-3.0.0-1-x86_64 downloading...
 exfatprogs-1.4.2-1-x86_64 downloading...
 python-pycparser-3.00-1-any downloading...
 hypridle-0.1.7-10-x86_64 downloading...
 libteam-1.32-3-x86_64 downloading...
 libdatrie-0.2.14-1-x86_64 downloading...
 hyprsunset-0.4.0-3-x86_64 downloading...
 usbutils-019-1-x86_64 downloading...
 libportal-0.10.0-1-x86_64 downloading...
 iw-6.17-1-x86_64 downloading...
 dconf-0.49.0-1-x86_64 downloading...
 xdg-desktop-portal-gtk-1.15.3-1-x86_64 downloading...
 graphene-1.10.8-2-x86_64 downloading...
 licenses-20240728-1-any downloading...
 libgxps-0.3.2-5-x86_64 downloading...
 libxext-1.3.7-1-x86_64 downloading...
 pcsclite-2.5.1-1-x86_64 downloading...
 gspell-1.14.4-1-x86_64 downloading...
 atkmm-2.28.5-2-x86_64 downloading...
 ocl-icd-2.3.4-1-x86_64 downloading...
 python-pyxdg-0.28-7-any downloading...
 keyutils-1.6.3-4-x86_64 downloading...
 giflib-6.1.3-2-x86_64 downloading...
 python-pyparted-3.13.0-6-x86_64 downloading...
 gupnp-dlna-0.12.0-5-x86_64 downloading...
 tslib-1.24-1-x86_64 downloading...
 portaudio-1:19.7.0-4-x86_64 downloading...
 gexiv2-0.16.1-1-x86_64 downloading...
 pamixer-1.6-4-x86_64 downloading...
 cifs-utils-7.5-1-x86_64 downloading...
 fsarchiver-0.8.9-1-x86_64 downloading...
 pangomm-2.46.5-1-x86_64 downloading...
 gssproxy-0.9.2-3-x86_64 downloading...
 python-typing_extensions-4.16.0-1-any downloading...
 libseccomp-2.6.0-1-x86_64 downloading...
 python-cairo-1.29.0-2-x86_64 downloading...
 libpwquality-1.4.5-7-x86_64 downloading...
 libnghttp2-1.69.0-1-x86_64 downloading...
 libnewt-0.52.25-2-x86_64 downloading...
 ffmpegthumbnailer-2.3.0-1-x86_64 downloading...
 bluez-libs-5.87-2-x86_64 downloading...
 vpnc-1:0.5.3.r557.r241-1-x86_64 downloading...
 cairomm-1.16-1.18.1-1-x86_64 downloading...
 pigz-2.8-2-x86_64 downloading...
 libxcrypt-4.5.2-1-x86_64 downloading...
 bc-1.08.2-1-x86_64 downloading...
 sushi-50.0-1-x86_64 downloading...
 xorg-xkbcomp-1.5.0-1-x86_64 downloading...
 hyprpicker-0.4.7-2-x86_64 downloading...
 cairomm-1.14.6-1-x86_64 downloading...
 hyprgraphics-0.5.1-4-x86_64 downloading...
 fcft-3.3.3-1-x86_64 downloading...
 hyprwayland-scanner-0.4.6-1-x86_64 downloading...
 jansson-2.15.0-1-x86_64 downloading...
 libdbusmenu-glib-18.10.20180917-1-x86_64 downloading...
 nbd-3.27.1-4-x86_64 downloading...
 libpsl-0.21.5-2-x86_64 downloading...
 gzip-1.14-2-x86_64 downloading...
 python-idna-3.18-1-any downloading...
 uwsm-0.26.6-1-any downloading...
 libmpdclient-2.26-1-x86_64 downloading...
 graphite-1:1.3.15-1-x86_64 downloading...
 hyperv-7.1.4-1-x86_64 downloading...
 hdparm-9.65-3-x86_64 downloading...
 usb_modeswitch-2.6.2.20251207-1-x86_64 downloading...
 numactl-2.0.19-1-x86_64 downloading...
 unibilium-2.1.2-1-x86_64 downloading...
 zlib-1:1.3.2-3-x86_64 downloading...
 libcanberra-1:0.30+r2+gc0620e4-6-x86_64 downloading...
 libsoxr-0.1.3-5-x86_64 downloading...
 libnghttp3-1.17.0-1-x86_64 downloading...
 libotr-4.1.1-6-x86_64 downloading...
 playerctl-2.4.1-5-x86_64 downloading...
 ccid-1.8.2-1-x86_64 downloading...
 fcitx5-gtk-5.1.7-1-x86_64 downloading...
 libusb-1.0.30-1-x86_64 downloading...
 yoga-3.2.1-1-x86_64 downloading...
 libice-1.1.2-1-x86_64 downloading...
 uchardet-0.0.8-4-x86_64 downloading...
 enchant-2.8.15-2-x86_64 downloading...
 libiptcdata-1.0.5-5-x86_64 downloading...
 libxmu-1.3.1-1-x86_64 downloading...
 dmidecode-3.7-1-x86_64 downloading...
 popt-1.19-2-x86_64 downloading...
 libutf8proc-2.11.3-1-x86_64 downloading...
 libxkbfile-1.2.0-1-x86_64 downloading...
 md4c-0.5.3-1-x86_64 downloading...
 pkcs11-helper-1.31.0-1-x86_64 downloading...
 gtk-layer-shell-0.10.1-1-x86_64 downloading...
 livecd-sounds-1.0-3-any downloading...
 ding-libs-0.7.0-1-x86_64 downloading...
 libnftnl-1.3.1-1-x86_64 downloading...
 python-configobj-5.0.9-6-any downloading...
 attr-2.6.0-1-x86_64 downloading...
 tdb-1.4.15-1-x86_64 downloading...
 uriparser-1.0.2-1-x86_64 downloading...
 libxpm-3.5.19-1-x86_64 downloading...
 fribidi-1.0.16-2-x86_64 downloading...
 wvdial-1.61-10-x86_64 downloading...
 python-referencing-0.37.0-3-any downloading...
 memtest86+-7.20-2-any downloading...
 memtest86+-efi-7.20-2-any downloading...
 gnome-autoar-0.4.5-1-x86_64 downloading...
 mkinitcpio-41-4-any downloading...
 libsigc++-2.12.2-1-x86_64 downloading...
 libcap-ng-0.9.3-1-x86_64 downloading...
 ayatana-ido-0.10.4-1-x86_64 downloading...
 libcdio-paranoia-10.2+2.0.2-2-x86_64 downloading...
 whois-5.6.6-1-x86_64 downloading...
 lzop-1.04-4-x86_64 downloading...
 lbzip2-2.5-6-x86_64 downloading...
 serd-0.32.10-1-x86_64 downloading...
 lilv-0.28.0-1-x86_64 downloading...
 ndisc6-1.0.8-1-x86_64 downloading...
 json-c-0.19-1-x86_64 downloading...
 ntfs-3g-2026.7.7-1-x86_64 downloading...
 jbig2dec-0.20-2-x86_64 downloading...
 mobile-broadband-provider-info-20251101-1-any downloading...
 libvdpau-1.5-4-x86_64 downloading...
 polkit-gnome-0.105-12-x86_64 downloading...
 intel-lpmd-0.1.0-4-x86_64 downloading...
 tree-sitter-c-0.24.1-2-x86_64 downloading...
 gssdp-1.6.6-1-x86_64 downloading...
 libxft-2.3.9-1-x86_64 downloading...
 xdg-utils-1.2.1-2-any downloading...
 libdnet-1.18.2-1-x86_64 downloading...
 libmd-1.2.0-1-x86_64 downloading...
 libluv-1.52.1-1-x86_64 downloading...
 libdvdnav-7.0.0-1-x86_64 downloading...
 stoken-0.92-6-x86_64 downloading...
 bzip2-1.0.8-6-x86_64 downloading...
 tevent-1:0.17.1-2-x86_64 downloading...
 libevdev-1.13.6-1-x86_64 downloading...
 double-conversion-3.4.0-1-x86_64 downloading...
 python-pycups-2.0.4-4-x86_64 downloading...
 libyaml-0.2.5-3-x86_64 downloading...
 grml-zsh-config-0.19.28-1-any downloading...
 xl2tpd-1.3.20-1-x86_64 downloading...
 libmspack-1:1.11-2-x86_64 downloading...
 mako-1.11.0-1-x86_64 downloading...
 gtk4-layer-shell-1.3.0-1-x86_64 downloading...
 vulkan-mesa-implicit-layers-1:26.1.5-1-x86_64 downloading...
 macbook12-spi-driver-dkms-0+git.315-1-x86_64 downloading...
 ijs-0.35-7-x86_64 downloading...
 libffi-3.7.1-1-x86_64 downloading...
 libayatana-appindicator-0.6.0-1-x86_64 downloading...
 jbigkit-2.1-8-x86_64 downloading...
 libsigc++-3.0-3.8.1-1-x86_64 downloading...
 libsysprof-capture-50.0-2-x86_64 downloading...
 libsynctex-2026.0-2-x86_64 downloading...
 libnetfilter_conntrack-1.1.1-1-x86_64 downloading...
 xdg-user-dirs-gtk-0.16-1-x86_64 downloading...
 vid.stab-1.1.1-3-x86_64 downloading...
 libvterm-0.3.3-2-x86_64 downloading...
 dkms-3.4.1-1-any downloading...
 sbc-2.2-1-x86_64 downloading...
 power-profiles-daemon-0.30-1-x86_64 downloading...
 python-colorama-0.4.6-6-any downloading...
 libcbor-0.14.0-1-x86_64 downloading...
 python-platformdirs-4.11.0-1-any downloading...
 libpaper-2.2.8-1-x86_64 downloading...
 talloc-2.4.4-1-x86_64 downloading...
 acpid-2.0.34-2-x86_64 downloading...
 gvfs-mtp-1.60.1-1-x86_64 downloading...
 libdbusmenu-gtk3-18.10.20180917-1-x86_64 downloading...
 libraw1394-2.1.2-4-x86_64 downloading...
 libcloudproviders-0.4.0-1-x86_64 downloading...
 xdg-user-dirs-0.20-1-x86_64 downloading...
 nfsidmap-2.9.1-1-x86_64 downloading...
 mmc-utils-1.0-1-x86_64 downloading...
 libsm-1.2.6-1-x86_64 downloading...
 libdecor-0.2.5-1-x86_64 downloading...
 libb2-0.98.1-3-x86_64 downloading...
 zix-0.8.2-1-x86_64 downloading...
 lsscsi-0.32-2-x86_64 downloading...
 pptpclient-1.10.0-3-x86_64 downloading...
 python-linkify-it-py-2.1.0-1-any downloading...
 libgudev-238-3-x86_64 downloading...
 linux-firmware-whence-20260622-1-any downloading...
 libva-nvidia-driver-0.0.17-1-x86_64 downloading...
 libblockdev-fs-3.5.0-2-x86_64 downloading...
 desktop-file-utils-0.28-1-x86_64 downloading...
 hidapi-0.15.0-1-x86_64 downloading...
 sshfs-3.7.6-1-x86_64 downloading...
 libpipeline-1.5.8-1-x86_64 downloading...
 python-legacy-cgi-2.6.4-2-any downloading...
 libnotify-0.8.8-1-x86_64 downloading...
 bubblewrap-0.11.2-1-x86_64 downloading...
 gsm-1.0.24-1-x86_64 downloading...
 reflector-2023-5-any downloading...
 seatd-0.9.3-1-x86_64 downloading...
 libraqm-0.11.0-1-x86_64 downloading...
 libayatana-indicator-0.9.5-1-x86_64 downloading...
 rpcbind-1.2.9-1-x86_64 downloading...
 egl-x11-1.0.5-1-x86_64 downloading...
 gst-plugin-gtk-1.28.5-2-x86_64 downloading...
 libwbclient-2:4.24.4-1-x86_64 downloading...
 egl-wayland2-1.0.1-1-x86_64 downloading...
 libobjc-16.1.1+r346+g4e03491b401d-4-x86_64 downloading...
 libldac-2.0.2.6-1-x86_64 downloading...
 egl-wayland-4:1.1.21-1-x86_64 downloading...
 sord-0.16.22-1-x86_64 downloading...
 libimobiledevice-glue-1.3.2-1-x86_64 downloading...
 usbmuxd-1.1.1-4-x86_64 downloading...
 tree-sitter-vimdoc-4.1.0-2-x86_64 downloading...
 python-keyutils-0.6-12-x86_64 downloading...
 libxv-1.0.13-1-x86_64 downloading...
 nautilus-python-4.1.0-3-x86_64 downloading...
 pbzip2-1.1.13-5-x86_64 downloading...
 python-shtab-1.8.1-1-any downloading...
 gobject-introspection-runtime-1.86.0-2-x86_64 downloading...
 libiec61883-1.2.0-9-x86_64 downloading...
 snappy-1.2.2-3-x86_64 downloading...
 tldr-3.4.4-1-any downloading...
 xcb-util-wm-0.4.2-2-x86_64 downloading...
 libxcursor-1.2.3-1-x86_64 downloading...
 libnautilus-extension-50.2.2-1-x86_64 downloading...
 libxkbcommon-x11-1.13.2-1-x86_64 downloading...
 libavc1394-0.5.4-7-x86_64 downloading...
 msgpack-c-7.0.1-1-x86_64 downloading...
 minizip-1:1.3.2-3-x86_64 downloading...
 liblqr-0.4.3-1-x86_64 downloading...
 gpart-0.3-6-x86_64 downloading...
 wl-clipboard-1:2.3.0-1-x86_64 downloading...
 llhttp-9.3.1-1-x86_64 downloading...
 efibootmgr-18-4-x86_64 downloading...
 libspectre-0.2.12-2-x86_64 downloading...
 libatasmart-0.19-8-x86_64 downloading...
 libproxy-0.5.12-1-x86_64 downloading...
 mailcap-2.1.54-2-any downloading...
 libblake3-1.8.4-1-x86_64 downloading...
 libxrender-0.9.12-1-x86_64 downloading...
 lua51-lpeg-1.1.0-5-x86_64 downloading...
 libxtst-1.2.5-1-x86_64 downloading...
 libspeechd-0.12.1-3-x86_64 downloading...
 gvfs-smb-1.60.1-1-x86_64 downloading...
 libblockdev-crypto-3.5.0-2-x86_64 downloading...
 gupnp-igd-1.6.0-2-x86_64 downloading...
 npth-1.8-1-x86_64 downloading...
 alsa-card-profiles-1:1.6.8-1-x86_64 downloading...
 python-jsonpatch-1.33-6-any downloading...
 libusbmuxd-2.1.1-2-x86_64 downloading...
 libunibreak-7.0-1-x86_64 downloading...
 sysfsutils-2.1.1-2-x86_64 downloading...
 xorg-server-common-21.1.24-1-x86_64 downloading...
 libxrandr-1.5.5-1-x86_64 downloading...
 python-docopt-0.6.2-15-any downloading...
 libxdmcp-1.1.5-2-x86_64 downloading...
 xorg-xprop-1.2.8-1-x86_64 downloading...
 libqrtr-glib-1.4.0-1-x86_64 downloading...
 libblockdev-nvme-3.5.0-2-x86_64 downloading...
 openbsd-netcat-1.238_1-1-x86_64 downloading...
 python-typing-inspection-0.4.2-2-any downloading...
 libbytesize-2.12-3-x86_64 downloading...
 libblockdev-smart-3.5.0-2-x86_64 downloading...
 libmaxminddb-1.13.3-1-x86_64 downloading...
 cups-pdf-3.0.3-1-x86_64 downloading...
 python-annotated-types-0.7.0-3-any downloading...
 libaio-0.3.113-4-x86_64 downloading...
 darkhttpd-1.17-1-x86_64 downloading...
 libnsl-2.0.1-2-x86_64 downloading...
 libpciaccess-0.19-1-x86_64 downloading...
 libinih-62-2-x86_64 downloading...
 python-markupsafe-3.0.3-1-x86_64 downloading...
 sratom-0.6.22-1-x86_64 downloading...
 pixz-1.0.7-5-x86_64 downloading...
 gvfs-nfs-1.60.1-1-x86_64 downloading...
 b43-fwcutter-020-1-x86_64 downloading...
 libndp-1.9-1-x86_64 downloading...
 xdg-terminal-exec-0.14.0-1-any downloading...
 mkinitcpio-nfs-utils-0.3-8-x86_64 downloading...
 libdaemon-0.14-6-x86_64 downloading...
 libfreeaptx-0.2.2-1-x86_64 downloading...
 python-mdurl-0.1.2-9-any downloading...
 grim-1.5.0-2-x86_64 downloading...
 libverto-0.3.2-6-x86_64 downloading...
 slurp-1.5.0-2-x86_64 downloading...
 libcue-2.3.0-2-x86_64 downloading...
 tree-sitter-lua-0.5.0-3-x86_64 downloading...
 libbs2b-3.1.0-10-x86_64 downloading...
 iniparser-4.2.6-2-x86_64 downloading...
 libtatsu-1.0.5-1-x86_64 downloading...
 libebur128-1.2.6-2-x86_64 downloading...
 gtk-update-icon-cache-1:4.22.4-1-x86_64 downloading...
 xcb-util-image-0.4.1-3-x86_64 downloading...
 mkinitcpio-archiso-73-1-any downloading...
 libnfnetlink-1.0.2-2-x86_64 downloading...
 libasyncns-1:0.8+r3+g68cd5af-3-x86_64 downloading...
 libblockdev-part-3.5.0-2-x86_64 downloading...
 mtdev-1.1.7-1-x86_64 downloading...
 libsonic-0.2.0-2-x86_64 downloading...
 libxxf86vm-1.1.7-1-x86_64 downloading...
 libfontenc-1.1.9-1-x86_64 downloading...
 swaybg-1.2.2-1-x86_64 downloading...
 filesystem-2025.10.12-1-any downloading...
 libblockdev-mdraid-3.5.0-2-x86_64 downloading...
 python-netifaces-0.11.0-9-x86_64 downloading...
 qt5-x11extras-5.15.19-1-x86_64 downloading...
 libatomic-16.1.1+r346+g4e03491b401d-4-x86_64 downloading...
 libusb-compat-0.1.9-1-x86_64 downloading...
 libxss-1.2.5-1-x86_64 downloading...
 python-jsonschema-specifications-2025.9.1-2-any downloading...
 expac-10-12-x86_64 downloading...
 python-jsonpointer-3.1.1-1-any downloading...
 libxfixes-6.0.2-1-x86_64 downloading...
 xorg-setxkbmap-1.3.5-1-x86_64 downloading...
 nss-mdns-0.15.1-2-x86_64 downloading...
 alsa-topology-conf-1.2.5.1-4-any downloading...
 espeakup-0.90-4-x86_64 downloading...
 tree-sitter-query-0.8.0-2-x86_64 downloading...
 libportal-gtk4-0.10.0-1-x86_64 downloading...
 python-termcolor-3.3.0-1-any downloading...
 xcb-util-errors-1.0.1-2-x86_64 downloading...
 hicolor-icon-theme-0.18-1-any downloading...
 egl-gbm-1.1.3-1-x86_64 downloading...
 wireless-regdb-2026.05.30-1-any downloading...
 libxcomposite-0.4.7-1-x86_64 downloading...
 xcb-util-0.4.1-2-x86_64 downloading...
 pps-tools-1.0.3-2-x86_64 downloading...
 libxau-1.0.12-1-x86_64 downloading...
 xcb-util-cursor-0.1.6-1-x86_64 downloading...
 libmnl-1.0.5-2-x86_64 downloading...
 brightnessctl-0.5.1-3-x86_64 downloading...
 ca-certificates-utils-20240618-1-any downloading...
 libxcvt-0.1.3-1-x86_64 downloading...
 libxinerama-1.1.6-1-x86_64 downloading...
 fatresize-1.1.0-2-x86_64 downloading...
 libutempter-1.2.3-1-x86_64 downloading...
 xcb-util-renderutil-0.3.10-2-x86_64 downloading...
 libblockdev-loop-3.5.0-2-x86_64 downloading...
 libblockdev-swap-3.5.0-2-x86_64 downloading...
 python-uc-micro-py-2.0.0-1-any downloading...
 lsb-release-2.0.r55.a25a4fc-1-any downloading...
 pcaudiolib-1.3-1-x86_64 downloading...
 python-certifi-2026.06.17-1-any downloading...
 xcb-util-keysyms-0.4.1-5-x86_64 downloading...
 eglexternalplatform-1.2.1-1-any downloading...
 libxdamage-1.1.7-1-x86_64 downloading...
 systemd-sysvcompat-261.2-1-x86_64 downloading...
 pacman-mirrorlist-20260610-1-any downloading...
 foot-terminfo-1.27.0-2-x86_64 downloading...
 libmakepkg-dropins-20-1-any downloading...
 gsettings-system-schemas-50.1-1-any downloading...
 libxshmfence-1.3.3-1-x86_64 downloading...
 pipewire-alsa-1:1.6.8-1-x86_64 downloading...
 kitty-terminfo-0.48.1-1-x86_64 downloading...
 apple-t2-audio-config-0.3-2-any downloading...
 kernel-modules-hook-0.1.7-3-any downloading...
 rxvt-unicode-terminfo-9.31-9-x86_64 downloading...
 systemd-resolvconf-261.2-1-x86_64 downloading...
 pambase-20260616-1-any downloading...
 dnssec-anchors-20250524-1-any downloading...
 arch-mact2-mirrorlist-3-1-any downloading...
 fuse-common-3.18.2-1-x86_64 downloading...
 gcc-libs-16.1.1+r346+g4e03491b401d-4-x86_64 downloading...
 linux-firmware-20260622-1-any downloading...
 dbus-broker-units-37-3-x86_64 downloading...
 base-3-3-any downloading...
 default-cursors-3-1-any downloading...
 dbus-units-37-3-x86_64 downloading...
 ca-certificates-20240618-1-any downloading...
checking keyring...
downloading required keys...
:: Import PGP key 3EC2E354F61AC9F6, "Hyacinthe Cartiaux <hyacinthe@archlinux.org>"? [Y/n] 
checking package integrity...
loading package files...
checking for file conflicts...
:: Processing package changes...
installing hicolor-icon-theme...
installing adwaita-fonts...
installing adwaita-icon-theme-legacy...
installing adwaita-cursors...
installing adwaita-icon-theme...
installing linux-api-headers...
installing tzdata...
Optional dependencies for tzdata
    bash: for tzselect [pending]
    glibc: for zdump, zic [pending]
installing iana-etc...
installing filesystem...
warning: /tmp/vinos-iso-work.2230516/x86_64/airootfs/etc/nsswitch.conf installed as /tmp/vinos-iso-work.2230516/x86_64/airootfs/etc/nsswitch.conf.pacnew
warning: /tmp/vinos-iso-work.2230516/x86_64/airootfs/etc/passwd installed as /tmp/vinos-iso-work.2230516/x86_64/airootfs/etc/passwd.pacnew
warning: /tmp/vinos-iso-work.2230516/x86_64/airootfs/etc/resolv.conf installed as /tmp/vinos-iso-work.2230516/x86_64/airootfs/etc/resolv.conf.pacnew
warning: /tmp/vinos-iso-work.2230516/x86_64/airootfs/etc/shadow installed as /tmp/vinos-iso-work.2230516/x86_64/airootfs/etc/shadow.pacnew
installing glibc...
Optional dependencies for glibc
    gd: for memusagestat
    perl: for mtrace [pending]
installing libgcc...
installing libstdc++...
installing ncurses...
Optional dependencies for ncurses
    bash: for ncursesw6-config [pending]
installing readline...
installing bash...
Optional dependencies for bash
    bash-completion: for tab completion [pending]
installing zlib...
installing sqlite...
installing util-linux-libs...
Optional dependencies for util-linux-libs
    python: python bindings to libmount [pending]
installing e2fsprogs...
Optional dependencies for e2fsprogs
    lvm2: for e2scrub [pending]
    util-linux: for e2scrub [pending]
    smtp-forwarder: for e2scrub_fail script
installing keyutils...
installing gdbm...
installing brotli...
installing xz...
installing lz4...
installing zstd...
installing openssl...
Optional dependencies for openssl
    ca-certificates [pending]
    perl [pending]
installing libsasl...
installing libldap...
installing libevent...
Optional dependencies for libevent
    python: event_rpcgen.py [pending]
installing libverto...
installing lmdb...
installing krb5...
installing libcap-ng...
installing audit...
Optional dependencies for audit
    audispd-plugins: for audit event dispatcher plugins
    audispd-plugins-zos: for z/OS audit event dispatcher plugin
installing expat...
installing libgpg-error...
installing libgcrypt...
installing systemd-libs...
installing dbus...
installing libffi...
installing libsysprof-capture...
installing bzip2...
installing pcre2...
Optional dependencies for pcre2
    sh: for pcre2-config [installed]
installing glib2...
Optional dependencies for glib2
    dconf: GSettings storage backend [pending]
    glib2-devel: development tools
    gvfs: most gio functionality [pending]
installing libasan...
installing libatomic...
installing libgfortran...
installing libgomp...
installing libhwasan...
installing liblsan...
installing libobjc...
installing libquadmath...
installing libtsan...
installing libubsan...
installing gcc-libs...
installing dconf...
/tmp/alpm_epQ7Xy/.INSTALL: line 6: vercmp: command not found
/tmp/alpm_epQ7Xy/.INSTALL: line 6: ((: < 0 : arithmetic syntax error: operand expected (error token is "< 0 ")
installing gsettings-system-schemas...
installing gsettings-desktop-schemas...
installing xcb-proto...
installing xorgproto...
installing libxdmcp...
installing libxau...
installing libxcb...
installing libx11...
installing libxext...
installing libxfixes...
installing libxi...
installing libxtst...
installing xorg-xprop...
installing at-spi2-core...
installing libpng...
installing freetype2...
Optional dependencies for freetype2
    harfbuzz: Improved autohinting [pending]
installing fontconfig...
/tmp/alpm_1XfmUp/.INSTALL: line 2: vercmp: command not found
/tmp/alpm_1XfmUp/.INSTALL: line 2: ((: < 0 : arithmetic syntax error: operand expected (error token is "< 0 ")
Rebuilding fontconfig cache...
installing libxrender...
installing lzo...
installing pixman...
installing cairo...
installing desktop-file-utils...
installing fribidi...
installing libxcrypt...
installing libtirpc...
installing libnsl...
installing pambase...
installing pam...
warning: /tmp/vinos-iso-work.2230516/x86_64/airootfs/etc/security/faillock.conf installed as /tmp/vinos-iso-work.2230516/x86_64/airootfs/etc/security/faillock.conf.pacnew
installing libcap...
installing bubblewrap...
installing libjpeg-turbo...
installing jbigkit...
installing libdeflate...
installing libwebp...
Optional dependencies for libwebp
    libwebp-utils: WebP conversion and inspection tools
installing libtiff...
Optional dependencies for libtiff
    freeglut: for using tiffgt
installing lcms2...
installing giflib...
installing libunwind...
installing gperftools...
installing gtest...
Optional dependencies for gtest
    python: gmock generator [pending]
installing highway...
installing libjxl...
Optional dependencies for libjxl
    java-runtime: for JNI bindings
installing dav1d...
Optional dependencies for dav1d
    dav1d-doc: HTML documentation
installing graphite...
Optional dependencies for graphite
    graphite-docs: Documentation
installing harfbuzz...
Optional dependencies for harfbuzz
    harfbuzz-utils: utilities
installing icu...
installing libxml2...
Optional dependencies for libxml2
    python: Python bindings [pending]
installing libdatrie...
installing libthai...
installing libxft...
installing pango...
installing librsvg...
installing libseccomp...
installing glycin...
Optional dependencies for glycin
    libheif: Load .avif, .heic and .heif
installing shared-mime-info...
installing gdk-pixbuf2...
Optional dependencies for gdk-pixbuf2
    libheif: Load .avif, .heic and .heif
    libopenraw: Load .arw, .cr2, .crw, .dng, .erf, .mrw, .nef, .orf, .pef and .raf
    libwmf: Load .apm and .wmf
installing iso-codes...
installing libcloudproviders...
installing libcolord...
installing gmp...
installing libtasn1...
installing nettle...
installing leancrypto...
installing libp11-kit...
installing libunistring...
installing libidn2...
installing gnutls...
Optional dependencies for gnutls
    tpm2-tss: support for TPM2 wrapped keys [pending]
installing libdaemon...
installing avahi...
Optional dependencies for avahi
    gtk3: avahi-discover, avahi-discover-standalone, bshell, bssh, bvnc [pending]
    libevent: libevent bindings [installed]
    nss-mdns: NSS support for mDNS [pending]
    python-dbus: avahi-bookmarks, avahi-discover [pending]
    python-gobject: avahi-bookmarks, avahi-discover [pending]
    python-twisted: avahi-bookmarks
installing libcups...
installing libpciaccess...
installing libdrm...
Optional dependencies for libdrm
    cairo: needed for modetest tool [installed]
installing acl...
installing attr...
installing coreutils...
installing findutils...
installing p11-kit...
installing ca-certificates-utils...
installing ca-certificates-mozilla...
installing ca-certificates...
installing libnghttp2...
installing libnghttp3...
installing libngtcp2...
installing libpsl...
installing libssh2...
installing curl...
installing json-c...
installing libelf...
installing libxshmfence...
installing libxxf86vm...
installing libedit...
installing llvm-libs...
installing lm_sensors...
Optional dependencies for lm_sensors
    rrdtool: for logging with sensord
    perl: for sensor detection and configuration convert [pending]
installing spirv-tools...
installing default-cursors...
Optional dependencies for default-cursors
    adwaita-cursors: default cursor theme [installed]
installing wayland...
installing mesa...
Optional dependencies for mesa
    opengl-man-pages: for the OpenGL API man pages
installing eglexternalplatform...
installing egl-wayland...
installing egl-wayland2...
installing egl-gbm...
installing egl-x11...
installing nvidia-utils...
Optional dependencies for nvidia-utils
    nvidia-settings: configuration tool
    xorg-server: Xorg support
    xorg-server-devel: nvidia-xconfig
    opencl-nvidia: OpenCL support
installing libglvnd...
installing libepoxy...
installing libxcomposite...
installing libxcursor...
installing libxdamage...
installing libxinerama...
installing xkeyboard-config...
installing libxkbcommon...
Optional dependencies for libxkbcommon
    libxkbcommon-x11: xkbcli interactive-x11 [pending]
    wayland: xkbcli interactive-wayland [installed]
installing libxrandr...
installing json-glib...
installing duktape...
installing libproxy...
installing glib-networking...
installing libsoup3...
Optional dependencies for libsoup3
    samba: Windows Domain SSO
installing libstemmer...
installing tinysparql...
installing gtk-update-icon-cache...
installing gtk3...
Optional dependencies for gtk3
    evince: Default print preview command [pending]
installing nspr...
installing nss...
installing file...
installing xdg-utils...
Optional dependencies for xdg-utils
    kde-cli-tools: for KDE Plasma5 support in xdg-open
    exo: for Xfce support in xdg-open
    pcmanfm: for LXDE support in xdg-open
    perl-file-mimeinfo: for generic support in xdg-open
    perl-net-dbus: Perl extension to dbus used in xdg-screensaver
    perl-x11-protocol: Perl X11 protocol used in xdg-screensaver
    xorg-xset: for X11 support in xdg-screensaver
    xorg-xprop: for X11 support in xdg-screensaver [installed]
installing 1password...
/tmp/alpm_QifyjM/.INSTALL: line 24: groupadd: command not found
error: command failed to execute correctly
chgrp: invalid group: ‘onepassword’
installing 1password-cli...
/tmp/alpm_OI6XZ4/.INSTALL: line 5: groupadd: command not found
chgrp: invalid group: ‘onepassword-cli’
installing acpid...
Optional dependencies for acpid
    perl: use perl based examples [pending]
installing libxkbcommon-x11...
installing alacritty...
Optional dependencies for alacritty
    ncurses: for alacritty terminfo database [installed]
installing alsa-firmware...
installing alsa-ucm-conf...
installing hwdata...
installing kmod...
installing pciutils...
Optional dependencies for pciutils
    which: for update-pciids [pending]
    grep: for update-pciids [pending]
    curl: for update-pciids [installed]
installing psmisc...
installing alsa-topology-conf...
installing alsa-lib...
installing fftw...
Optional dependencies for fftw
    fftw-openmpi: for OpenMPI integration
installing libsamplerate...
installing alsa-utils...
installing amd-ucode...
installing mpdecimal...
installing python...
Optional dependencies for python
    python-setuptools: for building Python packages using tooling that is usually bundled with Python
    python-pip: for installing Python packages using tooling that is usually bundled with Python
    python-pipx: for installing Python software not packaged on Arch Linux
    sqlite: for a default database integration [installed]
    xz: for lzma [installed]
    tk: for tkinter
installing python-legacy-cgi...
installing apparmor...
Optional dependencies for apparmor
    perl: for perl bindings [pending]
    python-gobject: for aa-notify [pending]
    python-notify2: for aa-notify
    python-psutil: for aa-notify
    ruby: for ruby bindings
    sqlite: for aa-notify [installed]
    tk: for aa-notify
installing apple-bcm-firmware...
installing apple-t2-audio-config...
Optional dependencies for apple-t2-audio-config
    linux-t2: for audio kernel module [pending]
    apple-bce: for audio kernel module
    pulseaudio
    pipewire [pending]
installing mpfr...
installing gawk...
installing grep...
installing gnulib-l10n...
installing gettext...
Optional dependencies for gettext
    git: for autopoint infrastructure updates [pending]
    appstream: for appstream support [pending]
installing libksba...
installing libusb...
installing libassuan...
installing tpm2-tss...
installing libsecret...
Optional dependencies for libsecret
    org.freedesktop.secrets: secret storage backend [pending]
installing pinentry...
Optional dependencies for pinentry
    gcr: GNOME backend [pending]
    gtk3: GTK backend [installed]
    kguiaddons: Qt6 backend
    kwindowsystem: Qt6 backend [pending]
installing npth...
installing gnupg...
Optional dependencies for gnupg
    pcsclite: for using scdaemon not with the gnupg internal card driver [pending]
installing gpgme...
installing libarchive...
installing pacman-mirrorlist...
installing device-mapper...
installing popt...
installing cryptsetup...
installing dbus-broker...
installing dbus-broker-units...
installing dbus-units...
installing sed...
installing gzip...
Optional dependencies for gzip
    less: zless support [pending]
    util-linux: zmore support [pending]
    diffutils: zdiff/zcmp support [pending]
installing kbd...
installing shadow...
installing util-linux...
Optional dependencies for util-linux
    words: default dictionary for look
installing systemd...
Initializing machine ID from random generator.
Creating group 'sys' with GID 3.
Creating group 'mem' with GID 8.
Creating group 'ftp' with GID 11.
Creating group 'mail' with GID 12.
Creating group 'log' with GID 19.
Creating group 'smmsp' with GID 25.
Creating group 'proc' with GID 26.
Creating group 'games' with GID 50.
Creating group 'lock' with GID 54.
Creating group 'network' with GID 90.
Creating group 'floppy' with GID 94.
Creating group 'scanner' with GID 96.
Creating group 'power' with GID 98.
Creating group 'nobody' with GID 65534.
Creating group 'adm' with GID 999.
Creating group 'wheel' with GID 998.
Creating group 'empower' with GID 997.
Creating group 'utmp' with GID 996.
Creating group 'audio' with GID 995.
Creating group 'clock' with GID 994.
Creating group 'disk' with GID 993.
Creating group 'input' with GID 992.
Creating group 'kmem' with GID 991.
Creating group 'kvm' with GID 990.
Creating group 'lp' with GID 989.
Creating group 'optical' with GID 988.
Creating group 'render' with GID 987.
Creating group 'sgx' with GID 986.
Creating group 'storage' with GID 985.
Creating group 'tty' with GID 5.
Creating group 'uucp' with GID 984.
Creating group 'video' with GID 983.
Creating group 'users' with GID 982.
Creating group 'systemd-journal' with GID 981.
Creating group 'rfkill' with GID 980.
Creating group 'bin' with GID 1.
Creating user 'bin' (n/a) with UID 1 and GID 1.
Creating group 'daemon' with GID 2.
Creating user 'daemon' (n/a) with UID 2 and GID 2.
Creating user 'mail' (n/a) with UID 8 and GID 12.
Creating user 'ftp' (n/a) with UID 14 and GID 11.
Creating group 'http' with GID 33.
Creating user 'http' (n/a) with UID 33 and GID 33.
Creating group 'avahi' with GID 979.
Creating user 'avahi' (Avahi mDNS/DNS-SD daemon) with UID 979 and GID 979.
Creating user 'nobody' (Kernel Overflow User) with UID 65534 and GID 65534.
Creating group 'dbus' with GID 81.
Creating user 'dbus' (System Message Bus) with UID 81 and GID 81.
Creating group 'nvidia-persistenced' with GID 143.
Creating user 'nvidia-persistenced' (NVIDIA Persistence Daemon) with UID 143 and GID 143.
Creating group 'systemd-coredump' with GID 978.
Creating user 'systemd-coredump' (systemd Core Dumper) with UID 978 and GID 978.
Creating group 'systemd-imds' with GID 977.
Creating user 'systemd-imds' (systemd Instance Metadata) with UID 977 and GID 977.
Creating group 'systemd-network' with GID 976.
Creating user 'systemd-network' (systemd Network Management) with UID 976 and GID 976.
Creating group 'systemd-oom' with GID 975.
Creating user 'systemd-oom' (systemd Userspace OOM Killer) with UID 975 and GID 975.
Creating group 'systemd-journal-remote' with GID 974.
Creating user 'systemd-journal-remote' (systemd Journal Remote) with UID 974 and GID 974.
Creating group 'systemd-resolve' with GID 973.
Creating user 'systemd-resolve' (systemd Resolver) with UID 973 and GID 973.
Creating group 'systemd-timesync' with GID 972.
Creating user 'systemd-timesync' (systemd Time Synchronization) with UID 972 and GID 972.
Creating group 'tss' with GID 971.
Creating user 'tss' (tss user for tpm2) with UID 971 and GID 971.
Creating group 'uuidd' with GID 970.
Creating user 'uuidd' (UUID generator helper daemon) with UID 970 and GID 970.
Created symlink '/etc/systemd/system/autovt@.service' → '/usr/lib/systemd/system/getty@.service'.
Created symlink '/etc/systemd/system/getty.target.wants/getty@tty1.service' → '/usr/lib/systemd/system/getty@.service'.
Created symlink '/etc/systemd/system/multi-user.target.wants/remote-fs.target' → '/usr/lib/systemd/system/remote-fs.target'.
Created symlink '/etc/systemd/system/sockets.target.wants/systemd-userdbd.socket' → '/usr/lib/systemd/system/systemd-userdbd.socket'.
Optional dependencies for systemd
    apparmor: additional security features [installed]
    curl: systemd-journal-upload, machinectl pull-tar and pull-raw [installed]
    gnutls: systemd-journal-gatewayd and systemd-journal-remote [installed]
    iptables: firewall features [pending]
    libarchive: convert DDIs to tarballs [installed]
    libbpf: support BPF programs [pending]
    libfido2: unlocking LUKS2 volumes with FIDO2 token [pending]
    libmicrohttpd: systemd-journal-gatewayd and systemd-journal-remote
    libp11-kit: support PKCS#11 [installed]
    libpwquality: check password quality [pending]
    polkit: allow administration as unprivileged user [pending]
    qemu-base: systemd-vmspawn
    qrencode: show QR codes
    quota-tools: kernel-level quota management
    systemd-sysvcompat: symlink package to provide sysvinit binaries [pending]
    systemd-ukify: combine kernel and initrd into a signed Unified Kernel Image
    tpm2-tss: unlocking LUKS2 volumes with TPM2 [installed]
installing jansson...
installing binutils...
Optional dependencies for binutils
    debuginfod: for debuginfod server/client functionality
    perl: for gprofng-display-html [pending]
installing libmakepkg-dropins...
installing pacman...
Optional dependencies for pacman
    base-devel: required to use makepkg [pending]
    perl-locale-gettext: translation support in makepkg-template
installing arch-install-scripts...
installing arch-mact2-mirrorlist...
installing btrfs-progs...
Optional dependencies for btrfs-progs
    python: libbtrfsutil python bindings [installed]
    e2fsprogs: btrfs-convert [installed]
installing dosfstools...
installing procps-ng...
installing python-pycparser...
installing python-cffi...
Optional dependencies for python-cffi
    python-setuptools: "limited api" version checking in cffi.setuptools_ext
installing python-cryptography...
installing python-annotated-types...
installing python-typing_extensions...
installing python-typing-inspection...
installing python-pydantic-core...
installing python-pydantic...
Optional dependencies for python-pydantic
    mypy: for type validation with mypy
    python-dotenv: for .env file support
    python-email-validator: for email validation
    python-hypothesis: for hypothesis plugin when using legacy v1
installing parted...
installing python-pyparted...
installing python-mdurl...
installing python-markdown-it-py...
Optional dependencies for python-markdown-it-py
    python-mdit_py_plugins: core plugins
    python-linkify-it-py: linkify extension [pending]
installing python-pygments...
installing python-rich...
installing python-uc-micro-py...
installing python-linkify-it-py...
installing python-platformdirs...
installing python-textual...
installing libinih...
installing liburcu...
installing xfsprogs...
Optional dependencies for xfsprogs
    icu: for xfs_scrub [installed]
    python-dbus: for xfs_scrub_all script [pending]
    smtp-forwarder: for xfs_scrub_fail script
installing libaio...
installing thin-provisioning-tools...
installing lvm2...
installing f2fs-tools...
installing libcbor...
installing hidapi...
Optional dependencies for hidapi
    libusb: for hidapi-libusb [installed]
installing libfido2...
installing archinstall...
Optional dependencies for archinstall
    python-systemd: for systemd-journald support
installing b43-fwcutter...
installing tar...
installing licenses...
installing archlinux-keyring...
installing systemd-sysvcompat...
installing iputils...
installing libmnl...
installing libnfnetlink...
installing libnetfilter_conntrack...
installing libnftnl...
installing libnl...
installing libpcap...
installing nftables...
Optional dependencies for nftables
    python: Python bindings [installed]
    python-jsonschema: Python bindings [pending]
installing iptables...
installing libbpf...
installing iproute2...
Optional dependencies for iproute2
    db: userspace arp daemon
    linux-atm: ATM support [pending]
    python: for routel [installed]
installing base...
Optional dependencies for base
    linux: bare metal support [pending]
installing m4...
installing diffutils...
installing db5.3...
installing perl...
installing autoconf...
installing automake...
installing bison...
installing xxhash...
installing cpio...
installing elfutils...
installing boost-libs...
Optional dependencies for boost-libs
    openmpi: for mpi support
installing gc...
installing guile...
installing gdb-common...
installing source-highlight...
Optional dependencies for source-highlight
    lesspipe: src-hilite-lesspipe.sh
installing gdb...
installing debugedit...
installing fakeroot...
installing flex...
installing libisl...
installing libmpc...
installing gcc...
Optional dependencies for gcc
    lib32-gcc-libs: for generating code for 32-bit ABI
installing groff...
Optional dependencies for groff
    netpbm: for use together with man -H command interaction in browsers
    psutils: for use together with man -H command interaction in browsers
    libxaw: for gxditview [pending]
    perl-file-homedir: for use with glilypond
installing libtool...
installing make...
installing patch...
Optional dependencies for patch
    ed: for patch -e functionality
installing pkgconf...
installing sudo...
warning: directory permissions differ on /tmp/vinos-iso-work.2230516/x86_64/airootfs/etc/sudoers.d/
filesystem: 755  package: 750
installing texinfo...
Optional dependencies for texinfo
    perl-archive-zip: EPUB file output via texi2any
installing which...
installing base-devel...
installing bash-completion...
installing llhttp...
installing libgit2...
installing oniguruma...
installing bat...
installing fuse-common...
installing fuse3...
installing libsodium...
installing bcachefs-tools...
installing bibata-cursor-theme-bin...
installing dnssec-anchors...
installing libmaxminddb...
Optional dependencies for libmaxminddb
    geoip2-database: IP geolocation databases
installing libuv...
installing jemalloc...
Optional dependencies for jemalloc
    perl: for jeprof [installed]
installing bind...
installing bluez...
installing bluetui...
installing bluez-utils...
Optional dependencies for bluez-utils
    ell: for btpclient [pending]
    perl: for parse_companies.pl [installed]
installing polkit...
installing bolt...
installing brightnessctl...
installing bluez-libs...
installing libasyncns...
installing libogg...
installing flac...
installing mpg123...
Optional dependencies for mpg123
    sdl2: for sdl audio support [pending]
    jack: for jack audio support [pending]
    libpulse: for pulse audio support [pending]
    perl: for conplay [installed]
installing lame...
installing libvorbis...
installing opus...
installing libsndfile...
Optional dependencies for libsndfile
    alsa-lib: for sndfile-play [installed]
installing libpulse...
Optional dependencies for libpulse
    pulse-native-provider: PulseAudio backend [pending]
installing pcaudiolib...
installing libsonic...
installing espeak-ng...
installing gpm...
installing libyaml...
installing liblouis...
Optional dependencies for liblouis
    python: Python bindings [installed]
installing libspeechd...
installing libice...
installing libsm...
installing libxt...
installing libxmu...
installing libxpm...
installing libxaw...
installing brltty...
brltty-genkey: key generated
Please add your user to the brlapi group.
Optional dependencies for brltty
    brltty-udev-generic: for initializing brltty with generic USB devices
    dracut-brltty: for dracut modules
    java-brltty: for Java bindings
    ocaml-brltty: for OCaml bindings
    python-brltty: for Python bindings
    speech-dispatcher: speech-dispatcher driver
    tcl-brltty: for TCL bindings
installing mkinitcpio-busybox...
installing mkinitcpio...
Optional dependencies for mkinitcpio
    xz: Use lzma or xz compression for the initramfs image [installed]
    bzip2: Use bzip2 compression for the initramfs image [installed]
    lzop: Use lzo compression for the initramfs image [pending]
    lz4: Use lz4 compression for the initramfs image [installed]
    mkinitcpio-nfs-utils: Support for root filesystem on NFS [pending]
    systemd-ukify: alternative UKI generator
installing linux...
Optional dependencies for linux
    linux-headers: headers and scripts for building modules [pending]
    linux-firmware: firmware images needed for some devices [pending]
    scx-scheds: to use sched-ext schedulers
    wireless-regdb: to set the correct wireless channels of your country [pending]
installing linux-t2...
Optional dependencies for linux-t2
    wireless-regdb: to set the correct wireless channels of your country [pending]
    linux-firmware: firmware images needed for some devices [pending]
installing broadcom-wl...
installing btop...
Optional dependencies for btop
    rocm-smi-lib: AMD GPU support
installing libva...
Optional dependencies for libva
    intel-media-driver: backend for Intel GPUs (>= Broadwell) [pending]
    libva-intel-driver: backend for Intel GPUs (<= Haswell) [pending]
    libva-mesa-driver: backend for AMD and NVIDIA GPUs [installed]
installing libxss...
installing ttf-liberation...
installing openh264...
installing minizip...
installing libxslt...
Optional dependencies for libxslt
    python: Python bindings [installed]
installing chromium...
Optional dependencies for chromium
    pipewire: WebRTC desktop sharing under Wayland [pending]
    kdialog: support for native dialogs in Plasma
    gtk4: for --gtk-version=4 (GTK4 IME might work better on Wayland) [pending]
    qt6-base: Qt support [pending]
    org.freedesktop.secrets: password storage backend on GNOME, KDE and Xfce [pending]
    upower: Battery Status API support [pending]
installing bc...
installing drbl...
installing nilfs-utils...
installing fuse2...
installing libntfs-3g...
installing ntfs-3g...
Optional dependencies for ntfs-3g
    ntfsprogs: userspace utilities [pending]
installing partclone...
installing ntfsprogs...
installing pcre...
installing slang...
installing libnewt...
Optional dependencies for libnewt
    python: libnewt support with the _snack module [installed]
    tcl: whiptcl support [pending]
installing partimage...
installing pigz...
installing openssh...
Optional dependencies for openssh
    libfido2: FIDO/U2F support [installed]
    sh: for ssh-copy-id and findssl.sh [installed]
    x11-ssh-askpass: input passphrase in X
    xorg-xauth: X11 forwarding
installing sshfs...
installing gptfdisk...
installing pbzip2...
installing lbzip2...
installing lrzip...
installing pixz...
installing lzop...
installing libtorrent-rasterbar...
installing ecryptfs-utils...
Optional dependencies for ecryptfs-utils
    lsof: Encrypted home directory with ecryptfs-migrate-home
    rsync: Encrypted home directory with ecryptfs-migrate-home [pending]
    which: Encrypted home directory with ecryptfs-migrate-home [installed]
installing libutempter...
installing screen...
installing libmd...
installing libbsd...
installing libwbclient...
Optional dependencies for libwbclient
    python-dnspython: samba_dnsupdate and samba_upgradedns in AD setup
    python-markdown: for samba-tool domain schemeupgrade
    glusterfs: for vfs_glusterfs support
installing talloc...
Optional dependencies for talloc
    python: for python bindings [installed]
installing cifs-utils...
Optional dependencies for cifs-utils
    python: for smb2-quota and smbinfo script [installed]
installing net-tools...
installing jq...
installing clonezilla...
Optional dependencies for clonezilla
    netcat [pending]
installing dhcpcd...
Optional dependencies for dhcpcd
    openresolv: resolvconf support [pending]
installing openbsd-netcat...
installing python-configobj...
installing python-markupsafe...
installing python-jinja...
Optional dependencies for python-jinja
    python-babel: for i18n support
installing python-jsonpointer...
installing python-jsonpatch...
installing python-attrs...
installing python-rpds-py...
installing python-referencing...
installing python-jsonschema-specifications...
installing python-jsonschema...
Optional dependencies for python-jsonschema
    python-isoduration: for duration format
    python-fqdn: for hostname format
    python-idna: for idn-hostname format [pending]
    python-jsonpointer: for json-pointer & relative-json-pointer format [installed]
    python-rfc3339-validator: for date-time format
    python-rfc3987: for iri, iri-reference, uri & uri-reference format
    python-uri-template: for uri-template format
    python-webcolors: for color format
installing python-netifaces...
installing python-oauthlib...
Optional dependencies for python-oauthlib
    python-blinker: for signals support
    python-cryptography: for RSA and signed token support [installed]
    python-pyjwt: for signed token support
installing python-pyserial...
installing python-yaml...
installing python-charset-normalizer...
installing python-idna...
installing python-urllib3...
Optional dependencies for python-urllib3
    python-brotli: Brotli support
    python-brotlicffi: Brotli support
    python-h2: HTTP/2 support
    python-pysocks: SOCKS support
installing python-certifi...
installing python-requests...
Optional dependencies for python-requests
    python-chardet: alternative character encoding library
    python-pysocks: SOCKS proxy support
installing cloud-init...
Optional dependencies for cloud-init
    cloud-guest-utils: for growpart
    netplan: for configuring network using netplan
    python-passlib: for Azure and BSD support
    python-urllib3: for LXD and Scaleway data sources [installed]
installing libexif...
installing qpdf...
installing openjpeg2...
installing gpgmepp...
installing poppler...
Optional dependencies for poppler
    poppler-data: highly recommended encoding data to display PDF documents with certain encodings and characters [pending]
installing libcupsfilters...
installing libppd...
installing cups-filters...
Optional dependencies for cups-filters
    ghostscript: for non-PDF printers (preferred) [pending]
    poppler: for non-PDF printers [installed]
    mupdf-tools: for non-PDF printers
installing libpaper...
installing cups...
>> If you use an HTTPS connection to CUPS, the first time you access
>> the interface it may take a very long time before the site comes up.
>> This is because the first request triggers the generation of the CUPS
>> SSL certificates which can be a very time-consuming job.
Optional dependencies for cups
    cups-browsed: to browse the network for remote CUPS queues and IPP network printers [pending]
    libusb: for usb printer backend [installed]
    ipp-usb: allows to send HTTP requests via a USB connection on devices without Ethernet or WiFi connections
    xdg-utils: xdg .desktop file support [installed]
    colord: for ICC color profile support
    logrotate: for logfile rotation support
installing cups-browsed...
installing jbig2dec...
installing ijs...
installing libidn...
installing poppler-data...
installing ghostscript...
Optional dependencies for ghostscript
    gtk3: needed for gsx [installed]
installing cups-pdf...
-------------------------------------------------
To use cups-pdf, restart cups and visit the cups
web interface at http://localhost:631/

You can now add a "Virtual Printer (PDF Printer)"
and use the Postscript/Generic postscript color
printer driver.

Note that cups-pdf has a configuration
file in /etc/cups. The default location for
pdf output is /var/spool/cups-pdf/$username.
-------------------------------------------------
installing darkhttpd...
installing ddrescue...
installing dkms...
Optional dependencies for dkms
    linux-headers: build modules against the Arch kernel [pending]
    linux-lts-headers: build modules against the LTS kernel
    linux-zen-headers: build modules against the ZEN kernel
    linux-hardened-headers: build modules against the HARDENED kernel [pending]
installing dmidecode...
installing dmraid...
installing dnsmasq...
installing dust...
installing edk2-shell...
installing efivar...
installing efibootmgr...
installing elephant...
installing espeakup...
installing ethtool...
installing exfatprogs...
installing expac...
installing eza...
installing yyjson...
installing fastfetch...
Optional dependencies for fastfetch
    chafa: Image output as ascii art
    dbus: Bluetooth, Player & Media detection [installed]
    dconf: Needed for values that are only stored in DConf + Fallback for GSettings [installed]
    ddcutil: Brightness detection of external displays
    glib2: Output for values that are only stored in GSettings [installed]
    hwdata: GPU output [installed]
    imagemagick: Image output using sixel or kitty graphics protocol [pending]
    libdrm: Displays detection [installed]
    libelf: st term font detection and fast path of systemd version detection [installed]
    libglvnd: OpenGL module [installed]
    libpulse: Sound detection [installed]
    libva: Primary backend of hardware-accelerated video codec detection [installed]
    libvdpau: Fallback backend of hardware-accelerated video codec detection [pending]
    libxrandr: Multi monitor support [installed]
    lua: Lua scripting in format section of JSON config [pending]
    ocl-icd: OpenCL module [pending]
    quickjs-ng: JavaScript scripting in format section of JSON config
    python: Needed for zsh and fish completions [installed]
    sqlite: Needed for Sqlite integration and Soar packages count [installed]
    vulkan-icd-loader: Vulkan module & fallback for GPU output [pending]
    zlib: Faster image output when using kitty graphics protocol [installed]
installing fatresize...
installing enchant...
Optional dependencies for enchant
    aspell: for aspell based spell checking support
    hspell: for hspell based spell checking support
    hunspell: for hunspell based spell checking support
    libvoikko: for libvoikko based spell checking support
    nuspell: for nuspell based spell checking support
installing xcb-util...
installing xcb-util-keysyms...
installing xcb-imdkit...
installing xcb-util-wm...
installing libxkbfile...
installing yoga...
installing fcitx5...
installing fcitx5-gtk...
installing double-conversion...
installing libb2...
installing libevdev...
installing libgudev...
installing libwacom...
Optional dependencies for libwacom
    python-libevdev: for libwacom-show-stylus
    python-pyudev: for libwacom-show-stylus
installing lua54...
installing mtdev...
installing libinput...
Optional dependencies for libinput
    libinput-tools: debug utilities
installing liburing...
installing md4c...
installing tslib...
installing xcb-util-renderutil...
installing xcb-util-image...
installing xcb-util-cursor...
installing qt6-translations...
installing qt6-base...
Optional dependencies for qt6-base
    freetds: MS SQL driver
    gdk-pixbuf2: GTK platform plugin [installed]
    gtk3: GTK platform plugin [installed]
    libfbclient: Firebird/iBase driver
    mariadb-libs: MariaDB driver
    pango: GTK platform plugin [installed]
    perl: for syncqt [installed]
    postgresql-libs: PostgreSQL driver
    unixodbc: ODBC driver
installing fcitx5-qt...
installing fd...
installing aom...
installing glslang...
installing gsm...
installing libpipewire...
installing pipewire...
Created symlink '/etc/systemd/user/sockets.target.wants/pipewire.socket' → '/usr/lib/systemd/user/pipewire.socket'.
Optional dependencies for pipewire
    gst-plugin-pipewire: GStreamer plugin
    pipewire-alsa: ALSA configuration [pending]
    pipewire-audio: Audio support [pending]
    pipewire-docs: Documentation
    pipewire-ffado: FireWire support
    pipewire-jack-client: PipeWire as JACK client
    pipewire-jack: JACK replacement [pending]
    pipewire-libcamera: Libcamera support
    pipewire-onnx: ONNX filter support
    pipewire-pulse: PulseAudio replacement [pending]
    pipewire-roc: ROC streaming
    pipewire-session-manager: Session manager [pending]
    pipewire-v4l2: V4L2 interceptor
    pipewire-x11-bell: X11 bell
    pipewire-zeroconf: Zeroconf support
    realtime-privileges: realtime privileges with rt module
    rtkit: realtime privileges with rtkit module
installing alsa-card-profiles...
installing libebur128...
installing libfdk-aac...
installing libfreeaptx...
installing liblc3...
Optional dependencies for liblc3
    python: Python bindings [installed]
installing libldac...
installing libmysofa...
installing serd...
Optional dependencies for serd
    serd-docs: for developer documentation
installing zix...
Optional dependencies for zix
    zix-docs: for developer documentation
installing sord...
Optional dependencies for sord
    sord-docs: for developer documentation
installing lv2...
Optional dependencies for lv2
    lv2-docs: for developer documentation
    lv2-example-plugins: for example plugins
    python-lxml: for lv2specgen.py
    python-markdown: for lv2specgen.py
    python-pygments: for lv2specgen.py [installed]
    python-rdflib: for lv2specgen.py
    sord: for lv2_validate [installed]
installing sratom...
Optional dependencies for sratom
    sratom-docs: for developer documentation
installing lilv...
Optional dependencies for lilv
    lilv-docs: for documentation
    lilv-tools: for CLI tools
    python-lilv: for Python bindings
installing sbc...
installing spandsp...
installing abseil-cpp...
installing webrtc-audio-processing-1...
installing pipewire-audio...
installing libwireplumber...
installing lua...
installing wireplumber...
Created symlink '/etc/systemd/user/pipewire-session-manager.service' → '/usr/lib/systemd/user/wireplumber.service'.
Created symlink '/etc/systemd/user/pipewire.service.wants/wireplumber.service' → '/usr/lib/systemd/user/wireplumber.service'.
Optional dependencies for wireplumber
    wireplumber-docs: Documentation
installing pipewire-jack...
Optional dependencies for pipewire-jack
    jack-example-tools: for official JACK example-clients and tools
installing libunibreak...
installing libass...
installing libraw1394...
installing libavc1394...
installing libbluray...
Optional dependencies for libbluray
    java-runtime: BD-J library
installing libbs2b...
installing libdvdread...
Optional dependencies for libdvdread
    libdvdcss: Decoding encrypted DVDs
installing libdvdnav...
installing libiec61883...
installing libmodplug...
installing portaudio...
installing libopenmpt...
installing vulkan-icd-loader...
Optional dependencies for vulkan-icd-loader
    vulkan-driver: packaged vulkan driver [installed]
installing shaderc...
installing libdovi...
installing libplacebo...
installing libsoxr...
installing libssh...
installing libtheora...
installing libvdpau...
Optional dependencies for libvdpau
    libvdpau-va-gl: driver using VAAPI
    nvidia-utils: driver for NVIDIA [installed]
installing libvpx...
installing libxv...
installing ocl-icd...
Optional dependencies for ocl-icd
    opencl-driver: packaged opencl driver
installing libvpl...
Optional dependencies for libvpl
    intel-media-sdk: runtime implementation for legacy Intel GPUs
    vpl-gpu-rt: runtime implementation for Tiger Lake and newer GPUs
installing opencore-amr...
installing rav1e...
installing rubberband...
installing sdl3...
Optional dependencies for sdl3
    alsa-lib: ALSA audio driver [installed]
    libpulse: PulseAudio audio driver [installed]
    jack: JACK audio driver [installed]
    pipewire: PipeWire audio driver [installed]
    vulkan-driver: vulkan renderer [installed]
    sndio: sndio audio driver [pending]
    libdecor: Wayland client decorations [pending]
installing sdl2-compat...
installing snappy...
installing sndio...
installing speexdsp...
installing speex...
installing srt...
installing svt-av1...
installing v4l-utils...
Optional dependencies for v4l-utils
    qt6-base: for qv4l2 and qvidcap [installed]
    qt6-5compat: for qv4l2
    alsa-lib: for qv4l2 [installed]
installing zimg...
installing vapoursynth...
installing vid.stab...
installing vmaf...
installing l-smash...
installing x264...
installing x265...
installing xvidcore...
installing libpgm...
installing zeromq...
Optional dependencies for zeromq
    cppzmq: C++ binding for libzmq
installing ffmpeg...
Optional dependencies for ffmpeg
    avisynthplus: AviSynthPlus support
    frei0r-plugins: Frei0r video effects support
    intel-media-sdk: Intel QuickSync support (legacy)
    ladspa: LADSPA filters
    nvidia-utils: Nvidia NVDEC/NVENC support [installed]
    onevpl-intel-gpu: Intel QuickSync support
installing ffmpegthumbnailer...
Optional dependencies for ffmpegthumbnailer
    gvfs: support for gio uris [pending]
installing firejail...
In order to use the apparmor integration with firejail, install the apparmor package and run as root: 'apparmor_parser -r /etc/apparmor.d/firejail-default'
Optional dependencies for firejail
    xdg-dbus-proxy: for D-Bus filtering
installing libutf8proc...
installing fcft...
installing foot...
Optional dependencies for foot
    foot-terminfo: extra non-standard features over terminfo included in ncurses [pending]
    libnotify: desktop notifications [pending]
    xdg-utils: URI launching [installed]
installing foot-terminfo...
Optional dependencies for foot-terminfo
    libutempter: utmp logging [installed]
installing fsarchiver...
installing fzf...
Optional dependencies for fzf
    fish: fish keybindings
    tmux: fzf-tmux script for launching fzf in a tmux pane [pending]
    vim: plugin [pending]
    zsh: zsh keybindings [pending]
installing perl-error...
installing perl-timedate...
installing perl-mailtools...
installing zlib-ng...
installing git...
Optional dependencies for git
    git-zsh-completion: upstream zsh completion
    tk: gitk and git gui
    openssh: ssh transport and crypto [installed]
    man: show help with `git command --help` [pending]
    perl-libwww: git svn
    perl-term-readkey: git svn and interactive.singlekey setting
    perl-io-socket-ssl: git send-email TLS support
    perl-authen-sasl: git send-email TLS support
    perl-cgi: gitweb (web interface) support
    python: git svn & git p4 [installed]
    subversion: git svn
    org.freedesktop.secrets: keyring credential helper [pending]
    libsecret: libsecret credential helper [installed]
    less: the default pager for git [pending]
installing mailcap...
installing github-cli...
Optional dependencies for github-cli
    git: To interact with repositories [installed]
    org.freedesktop.secrets: Store credentials in system keyring [pending]
installing graphene...
installing gstreamer...
Optional dependencies for gstreamer
    python: gst-plugins-doc-cache-generator [installed]
installing orc...
installing gst-plugins-base-libs...
installing gssdp...
Optional dependencies for gssdp
    gtk4: gssdp-device-sniffer [pending]
installing gupnp...
Optional dependencies for gupnp
    python: gupnp-binding-tool [installed]
installing gupnp-igd...
installing libnice...
Optional dependencies for libnice
    gstreamer: "nice" GStreamer plugin [installed]
installing gst-plugins-bad-libs...
installing xdg-desktop-portal...
Optional dependencies for xdg-desktop-portal
    gamemode: GameMode portal
    geoclue: Location portal
    rtkit: Realtime portal
    xdg-desktop-portal-impl: Portal backends [pending]
installing xdg-desktop-portal-gtk...
Optional dependencies for xdg-desktop-portal-gtk
    evince: Print preview [pending]
installing gtk4...
Optional dependencies for gtk4
    evince: Default print preview command [pending]
installing gtksourceview5...
installing hwloc...
Optional dependencies for hwloc
    cairo: PDF, Postscript, and PNG export support [installed]
    libxml2: full XML import/export support [installed]
installing onetbb...
Optional dependencies for onetbb
    python: for Python module [installed]
installing libblake3...
installing libfyaml...
installing libxmlb...
installing appstream...
installing libadwaita...
installing libgee...
installing gnome-calculator...
installing tdb...
Optional dependencies for tdb
    python: for python bindings [installed]
installing sound-theme-freedesktop...
installing libcanberra...
Optional dependencies for libcanberra
    gtk3: canberra-gtk-play [installed]
installing libhandy...
installing libnotify...
installing cracklib...
installing libpwquality...
Optional dependencies for libpwquality
    python: Python bindings [installed]
installing libblockdev...
Optional dependencies for libblockdev
    libblockdev-btrfs: for BTRFS support
    libblockdev-crypto: for crypto support [pending]
    libblockdev-dm: for device-mapper support
    libblockdev-fs: for filesystem support [pending]
    libblockdev-loop: for loop device support [pending]
    libblockdev-lvm: for LVM support
    libblockdev-mdraid: for MDRAID support [pending]
    libblockdev-mpath: for multipath support
    libblockdev-nvdimm: for NVDIMM support
    libblockdev-nvme: for NVME support [pending]
    libblockdev-part: for partitioning support [pending]
    libblockdev-smart: for S.M.A.R.T. support [pending]
    libblockdev-swap: for swap support [pending]
    python-libblockdev: for Python support
installing volume_key...
Optional dependencies for volume_key
    python-volume_key: for Python bindings
installing libblockdev-crypto...
installing libbytesize...
Optional dependencies for libbytesize
    python: for Python bindings and for the bscalc command [installed]
installing libblockdev-fs...
Optional dependencies for libblockdev-fs
    btrfs-progs: for BTRFS filesystem support [installed]
    dosfstools: for VFAT filesystem support [installed]
    exfatprogs: for exFAT filesystem support [installed]
    f2fs-tools: for F2FS filesystem support [installed]
    nilfs-utils: for nilfs filesystem support [installed]
    ntfsprogs: for NTFS filesystem support [installed]
    udftools: for UDF filesystem support [pending]
    xfsprogs: for XFS filesystem support [installed]
installing mdadm...
Optional dependencies for mdadm
    bash: mdcheck [installed]
installing libblockdev-mdraid...
installing libblockdev-loop...
installing libnvme...
installing libblockdev-nvme...
installing libblockdev-part...
installing libatasmart...
installing libblockdev-smart...
Optional dependencies for libblockdev-smart
    smartmontools: for experimental smartmontools-based plugin [pending]
installing libblockdev-swap...
installing udisks2...
Optional dependencies for udisks2
    udisks2-btrfs: for BTRFS module
    udisks2-lvm2: for LVM2 module
    udisks2-docs: API documentation
    btrfs-progs: for BTRFS support in libblockdev-fs [installed]
    dosfstools: for FAT support in libblockdev-fs [installed]
    exfatprogs: for exFAT support in libblockdev-fs [installed]
    e2fsprogs: for Ext2/3/4 support in libblockdev-fs [installed]
    f2fs-tools: for F2FS support in libblockdev-fs [installed]
    less: for default pager of the udisksctl dump command [pending]
    nilfs-utils: for NILFS support in libblockdev-fs [installed]
    udftools: for UDF support in libblockdev-fs [pending]
    xfsprogs: for XFS support in libblockdev-fs [installed]
installing gnome-disk-utility...
installing gcr...
installing gcr-4...
Optional dependencies for gcr-4
    gtk4: gcr-viewer-gtk4 [installed]
installing gnome-keyring...
Created symlink '/etc/systemd/user/sockets.target.wants/gnome-keyring-daemon.socket' → '/usr/lib/systemd/user/gnome-keyring-daemon.socket'.
installing gnome-themes-extra...
installing gpart...
installing libsigc++...
installing glibmm...
installing atkmm...
installing cairomm...
installing pangomm...
installing gtkmm3...
installing gparted...
Optional dependencies for gparted
    bcachefs-tools: for bcachefs partitions [installed]
    btrfs-progs: for btrfs partitions [installed]
    dosfstools: for FAT16 and FAT32 partitions [installed]
    exfatprogs: for exFAT partitions [installed]
    f2fs-tools: for Flash-Friendly File System [installed]
    gpart: for recovering corrupt partition tables [installed]
    jfsutils: for jfs partitions [pending]
    mtools: utilities to access MS-DOS disks [pending]
    nilfs-utils: for nilfs2 support [installed]
    ntfsprogs: for ntfs partitions [installed]
    polkit: to run gparted from application menu [installed]
    udftools: for UDF file system support [pending]
    xfsprogs: for xfs partitions [installed]
    xorg-xhost: authorization from wayland
installing greetd-agreety...
installing greetd-tuigreet...
installing greetd...
warning: /tmp/vinos-iso-work.2230516/x86_64/airootfs/etc/greetd/config.toml installed as /tmp/vinos-iso-work.2230516/x86_64/airootfs/etc/greetd/config.toml.pacnew
installing grim...
installing zsh...
Optional dependencies for zsh
    grml-zsh-config: grml's zsh setup [pending]
    zsh-autosuggestions: Fish-like autosuggestions for zsh
    zsh-completions: Additional completion definitions for Zsh
    zsh-doc: Info, HTML and PDF format of the ZSH documentation
    zsh-history-substring-search: ZSH port of Fish history search (up arrow)
    zsh-lovers: A collection of tips, tricks and examples for the Z shell.
    zsh-syntax-highlighting: Fish shell like syntax highlighting for Zsh
    zshdb: A debugger for zsh scripts
installing grml-zsh-config...
installing grub...
:: Install your bootloader and generate configuration with:
     # grub-install ...
     # grub-mkconfig -o /boot/grub/grub.cfg
Optional dependencies for grub
    dosfstools: For grub-mkrescue FAT FS and EFI support [installed]
    efibootmgr: For grub-install EFI support [installed]
    freetype2: For grub-mkfont usage [installed]
    fuse3: For grub-mount usage [installed]
    libisoburn: Provides xorriso for generating grub rescue iso using grub-mkrescue
    libusb: For grub-emu USB support [installed]
    lzop: For grub-mkrescue LZO support [installed]
    mtools: For grub-mkrescue FAT FS support [pending]
    os-prober: To detect other OSes when generating grub.cfg in BIOS systems
    sdl: For grub-emu SDL support
installing gtk4-layer-shell...
installing gum...
installing libcdio...
installing libcdio-paranoia...
installing gvfs...
Optional dependencies for gvfs
    gvfs-afc: AFC support (Apple mobile devices)
    gvfs-dnssd: DNS-SD and WebDAV support (macOS file sharing)
    gvfs-goa: Gnome Online Accounts support (e.g. OwnCloud)
    gvfs-gphoto2: gphoto2 support (PTP camera, MTP media player)
    gvfs-mtp: MTP support (Android, media player) [pending]
    gvfs-nfs: NFS support [pending]
    gvfs-onedrive: Microsoft OneDrive support
    gvfs-smb: SMB/CIFS support (Windows file sharing) [pending]
    gvfs-wsdd: Web Services Dynamic Discovery support (Windows discovery)
installing libmtp...
installing gvfs-mtp...
installing libnfs...
installing gvfs-nfs...
installing tevent...
Optional dependencies for tevent
    python: for python bindings [installed]
installing ldb...
Optional dependencies for ldb
    python: for python bindings [installed]
installing smbclient...
Optional dependencies for smbclient
    python-dnspython: samba_dnsupdate and samba_upgradedns in AD setup
    python-markdown: for samba-tool domain schemeupgrade
    glusterfs: for vfs_glusterfs support
installing gvfs-smb...
installing hdparm...
installing hyperv...
installing hyprutils...
installing hyprlang...
installing pugixml...
installing hyprwayland-scanner...
installing sdbus-cpp...
installing wayland-protocols...
installing hypridle...
installing libdisplay-info...
installing seatd...
installing aquamarine...
installing libzip...
installing tomlplusplus...
installing hyprcursor...
installing hyprgraphics...
installing iniparser...
installing hyprtoolkit...
installing hyprland-guiutils...
installing hyprwire...
installing muparser...
installing re2...
installing xcb-util-errors...
installing xorg-fonts-encodings...
installing libfontenc...
installing libxfont2...
installing xorg-xkbcomp...
installing xorg-setxkbmap...
installing xorg-server-common...
installing libxcvt...
installing libei...
installing libdecor...
Optional dependencies for libdecor
    gtk3: gtk3 support [installed]
installing xorg-xwayland...
installing hyprland...
Optional dependencies for hyprland
    cmake: to build and install plugins using hyprpm
    cpio: to build and install plugins using hyprpm [installed]
    glaze: to build and install plugins using hyprpm
    hyprland-protocols: to build and install plugins using hyprpm
    hyprshutdown: clean logout and shutdown helper
    meson: to build and install plugins using hyprpm
    uwsm: an advanced way to start desktop compositors as systemd units [pending]
    xdg-desktop-portal-hyprland: xdg-desktop-portal backend for hyprland [pending]
installing hyprlock...
installing hyprpicker...
Optional dependencies for hyprpicker
    wl-clipboard: Allows --autocopy to automatically copy the output to the clipboard [pending]
installing hyprsunset...
installing liblqr...
installing libraqm...
installing imagemagick...
Optional dependencies for imagemagick
    ghostscript: PS/PDF support [installed]
    jbigkit: JBIG support [installed]
    libheif: HEIF support
    libjpeg-turbo: JPEG support [installed]
    libjxl: JPEG XL support [installed]
    libraw: DNG support
    librsvg: SVG support [installed]
    libtiff: TIFF support [installed]
    libultrahdr: UHDR support
    libwebp: WEBP support [installed]
    libwmf: WMF support
    libzip: OpenRaster support [installed]
    ocl-icd: OpenCL support [installed]
    openexr: OpenEXR support
    openjpeg2: JPEG2000 support [installed]
    djvulibre: DJVU support [pending]
    pango: Text rendering [installed]
installing ell...
installing iwd...
Optional dependencies for iwd
    qrencode: for displaying QR code after DPP is started
installing impala...
installing inetutils...
installing libplist...
Optional dependencies for libplist
    python: Python bindings [installed]
installing libimobiledevice-glue...
installing libtatsu...
installing libusbmuxd...
installing libimobiledevice...
Optional dependencies for libimobiledevice
    python: Python bindings [installed]
installing upower...
Optional dependencies for upower
    usbmuxd: Read charge status of iOS devices [pending]
installing intel-lpmd...
To use intel-lpmd, enable and start intel-lpmd.service:
  systemctl enable --now intel-lpmd.service
installing intel-gmmlib...
installing intel-media-driver...
installing intel-ucode...
installing inxi...
Optional dependencies for inxi
    bind: dig: -i wlan IP [installed]
    binutils: strings: -I sysvinit version [installed]
    bluez-tools: bt-adapter: -E bluetooth data (if no hciconfig)
    curl: -i (if no dig); -w,-W; -U [installed]
    dmidecode: -M if no sys machine data; -m [installed]
    doas: -Dx hddtemp-user; -o file-user (alt for sudo)
    file: -o unmounted file system (if no lsblk) [installed]
    freeipmi: ipmi-sensors: -s IPMI sensors (servers)
    hddtemp: -Dx show hdd temp, if no drivetemp module
    iproute2: ip: -i ip LAN [installed]
    kmod: modinfo: Ax; -Nx module version [installed]
    ipmitool: -s IPMI sensors (servers)
    lvm2: lvs: -L LVM data [installed]
    lm_sensors: sensors: -s sensors output [installed]
    mdadm: -Ra advanced mdraid data [installed]
    mesa-utils: glxinfo: -G (X) glx info
    net-tools: ifconfig: -i ip LAN (deprecated) [installed]
    perl-cpanel-json-xs: Cpanel::JSON::XS: --output json (faster than JSON::PP)
    perl-json-xs: JSON::XS: --output json (legacy)
    perl-io-socket-ssl: IO::Socket::SSL: -U; -w,-W; -i (if dig not installed)
    smartmontools: smartctl: -Da advanced data [pending]
    systemd-sysvcompat: -I runlevel [installed]
    sudo: -Dx hddtemp-user; -o file-user [installed]
    tree: --debugger 20,21 /sys tree
    upower: -sx attached device battery info [installed]
    usbutils: lsusb: -A usb audio; -J (optional); -N usb networking [pending]
    vulkan-tools: vulkaninfo: -G vulkan info
    wget: -i (if no dig); -w,-W; -U [pending]
    wmctrl: -S active window manager (fallback)
    xorg-xdpyinfo: xdpyinfo: -G (X) Screen resolution, dpi; -Ga Screen size
    xorg-xdriinfo: xdriinfo: -G (X) DRI driver (if missing, fallback to Xorg log)
    xorg-xprop: xprop: -S (X) desktop data [installed]
    xorg-xrandr: xrandr: -G (X) monitors(s) resolution; -Ga monitor data
installing libotr...
installing irssi...
Optional dependencies for irssi
    perl-lwp-protocol-https: for the scriptassist script
installing iw...
installing jfsutils...
installing rsync...
Optional dependencies for rsync
    python: for rrsync [installed]
installing kernel-modules-hook...
installing kitty-terminfo...
installing kwindowsystem...
Optional dependencies for kwindowsystem
    qt6-declarative: QML bindings [pending]
installing qt6-svg...
installing kvantum...
Optional dependencies for kvantum
    kvantum-qt5: Qt5 style [pending]
installing qt5-translations...
installing qt5-base...
Optional dependencies for qt5-base
    qt5-svg: to use SVG icon themes [pending]
    qt5-wayland: to run Qt applications in a Wayland session [pending]
    postgresql-libs: PostgreSQL driver
    mariadb-libs: MariaDB driver
    unixodbc: ODBC driver
    libfbclient: Firebird/iBase driver
    freetds: MS SQL driver
    gtk3: GTK platform plugin [installed]
    perl: for fixqt4headers and syncqt [installed]
installing qt5-svg...
installing qt5-x11extras...
installing kvantum-qt5...
installing lazygit...
installing ldns...
Optional dependencies for ldns
    libpcap: ldns-dpa tool [installed]
installing less...
installing lftp...
Optional dependencies for lftp
    perl: needed for convert-mozilla-cookies and verify-file [installed]
installing libqalculate...
Optional dependencies for libqalculate
    gnuplot: for plotting support
installing libusb-compat...
installing libva-intel-driver...
installing libva-nvidia-driver...
installing linux-atm...
Optional dependencies for linux-atm
    flex: for atmsigd [installed]
installing linux-firmware-whence...
installing linux-firmware-amdgpu...
installing linux-firmware-atheros...
installing linux-firmware-broadcom...
installing linux-firmware-cirrus...
installing linux-firmware-intel...
installing linux-firmware-mediatek...
installing linux-firmware-nvidia...
installing linux-firmware-other...
installing linux-firmware-radeon...
installing linux-firmware-realtek...
installing linux-firmware...
Optional dependencies for linux-firmware
    linux-firmware-liquidio: Firmware for Cavium LiquidIO server adapters
    linux-firmware-marvell: Firmware for Marvell devices [pending]
    linux-firmware-mellanox: Firmware for Mellanox Spectrum switches
    linux-firmware-nfp: Firmware for Netronome Flow Processors
    linux-firmware-qcom: Firmware for Qualcomm SoCs
    linux-firmware-qlogic: Firmware for QLogic devices
installing linux-firmware-marvell...
installing linux-hardened...
Optional dependencies for linux-hardened
    linux-hardened-headers: headers and scripts for building modules [pending]
    linux-firmware: firmware images needed for some devices [installed]
    scx-scheds: to use sched-ext schedulers
    wireless-regdb: to set the correct wireless channels of your country [pending]
    usbctl: deny_new_usb control
installing pahole...
Optional dependencies for pahole
    ostra-cg: Generate call graphs from encoded traces
installing linux-hardened-headers...
installing linux-headers...
installing linux-t2-headers...
installing livecd-sounds...
installing sysfsutils...
installing lsscsi...
installing lynx...
installing macbook12-spi-driver-dkms...
installing mako...
Optional dependencies for mako
    jq: support for 'makoctl menu' [installed]
installing libpipeline...
installing man-db...
Optional dependencies for man-db
    gzip [installed]
installing man-pages...
installing mc...
Optional dependencies for mc
    aspell: spelling corrections
    cabextract: ucab extfs
    cdparanoia: audio extfs
    cdrkit: alternative iso9660 extfs
    cvs: CVS support
    gawk: hp48+ extfs [installed]
    libisoburn: iso9660 extfs
    mtools: a+ extfs [pending]
    p7zip: support for 7zip archives
    perl: needed by several extfs scripts [installed]
    python: to access uc1541 or s3 storage [installed]
    unace: uace extfs
    unarj: uarj extfs
    unrar: urar extfs
    unzip: open zip archives [pending]
    rpm-tools: open rpm packages
    zip: uzip extfs
installing memtest86+...
installing memtest86+-efi...
installing mkinitcpio-archiso...
Optional dependencies for mkinitcpio-archiso
    curl: for PXE over HTTP [installed]
    gnupg: for PGP signature verification of rootfs over PXE [installed]
    mkinitcpio-nfs-utils: for PXE over NFS [pending]
    nbd: for PXE over NBD [pending]
    openssl: for CMS signature verification of rootfs over PXE [installed]
    pv: for status display during copy to RAM [pending]
installing mkinitcpio-nfs-utils...
installing mmc-utils...
installing libmbim...
installing libqrtr-glib...
installing libqmi...
installing mobile-broadband-provider-info...
installing ppp...
installing libmm-glib...
installing modemmanager...
Optional dependencies for modemmanager
    usb_modeswitch: install if your modem shows up as a storage drive [pending]
installing mtools...
Optional dependencies for mtools
    libx11: required by floppyd [installed]
    libxau: required by floppyd [installed]
installing nano...
installing exiv2...
installing gexiv2...
installing glycin-gtk4...
installing gnome-autoar...
installing gnome-desktop-common...
installing gnome-desktop-4...
installing libportal...
Optional dependencies for libportal
    libportal-docs: API documentation
    libportal-gtk3: GTK 3 backend
    libportal-gtk4: GTK 4 backend [pending]
    libportal-qt5: Qt 5 backend
    libportal-qt6: Qt 6 backend
    xdg-desktop-portal: Portal service [installed]
installing libportal-gtk4...
installing exempi...
installing gupnp-dlna...
installing libcue...
installing libgsf...
installing libgxps...
installing libiptcdata...
Optional dependencies for libiptcdata
    python: Python bindings [installed]
installing osinfo-db...
installing libosinfo...
installing poppler-glib...
installing uchardet...
installing totem-pl-parser...
installing localsearch...
installing xdg-user-dirs...
Created symlink '/etc/systemd/user/graphical-session-pre.target.wants/xdg-user-dirs.service' → '/usr/lib/systemd/user/xdg-user-dirs.service'.
installing xdg-user-dirs-gtk...
installing libnautilus-extension...
installing nautilus...
installing libgirepository...
installing gobject-introspection-runtime...
installing python-gobject...
Optional dependencies for python-gobject
    python-cairo: Cairo bindings [pending]
installing nautilus-python...
installing nbd...
installing ndisc6...
installing luajit...
installing libluv...
installing tree-sitter...
installing unibilium...
installing libvterm...
installing lua51-lpeg...
installing msgpack-c...
installing tree-sitter-c...
Optional dependencies for tree-sitter-c
    tree-sitter: core library [installed]
installing tree-sitter-lua...
Optional dependencies for tree-sitter-lua
    tree-sitter: core library [installed]
installing tree-sitter-markdown...
Optional dependencies for tree-sitter-markdown
    tree-sitter: core library [installed]
installing tree-sitter-query...
Optional dependencies for tree-sitter-query
    tree-sitter: core library [installed]
installing tree-sitter-vim...
Optional dependencies for tree-sitter-vim
    tree-sitter: core library [installed]
installing tree-sitter-vimdoc...
Optional dependencies for tree-sitter-vimdoc
    tree-sitter: core library [installed]
installing neovim...
Optional dependencies for neovim
    python-pynvim: for Python plugin support (see :help python)
    xclip: for clipboard support on X11 (or xsel) (see :help clipboard)
    xsel: for clipboard support on X11 (or xclip) (see :help clipboard)
    wl-clipboard: for clipboard support on wayland (see :help clipboard) [pending]
installing libndp...
installing libnm...
installing libteam...
installing pcsclite...
Optional dependencies for pcsclite
    python: API call trace logging with the pcsc-spy [installed]
    ccid: USB Chip/Smart Card Interface Devices driver [pending]
installing wpa_supplicant...
installing networkmanager...
Optional dependencies for networkmanager
    bluez: Bluetooth support [installed]
    dhcpcd: alternative DHCP client [installed]
    dnsmasq: connection sharing [installed]
    firewalld: firewall support
    iptables: connection sharing [installed]
    iwd: wpa_supplicant alternative [installed]
    libnvme: NBFT support [installed]
    modemmanager: cellular network support [installed]
    nftables: connection sharing [installed]
    openresolv: alternative resolv.conf manager [pending]
    pacrunner: PAC proxy support
    polkit: let non-root users control networking [installed]
    ppp: dialup connection support [installed]
installing rpcbind...
installing nfsidmap...
installing ding-libs...
installing gssproxy...
installing nfs-utils...
Optional dependencies for nfs-utils
    sqlite: for nfsdcltrack and fsidd usage [installed]
    python: for rpcctl, nfsiostat, nfsdclnts and mountstats usage [installed]
installing nmap...
installing noto-fonts...
Optional dependencies for noto-fonts
    noto-fonts-cjk: CJK characters [pending]
    noto-fonts-emoji: Emoji characters [pending]
    noto-fonts-extra: additional variants (condensed, semi-bold, extra-light)
installing noto-fonts-cjk...
installing noto-fonts-emoji...
installing nss-mdns...
installing nvidia-open-dkms...
installing nvme-cli...
installing c-ares...
installing electron39...
Optional dependencies for electron39
    kde-cli-tools: file deletion support (kioclient)
    pipewire: WebRTC desktop sharing under Wayland [installed]
    gtk4: for --gtk-version=4 (GTK4 IME might work better on Wayland) [installed]
    trash-cli: file deletion support (trash-put)
    xdg-utils: open URLs with desktop’s default (xdg-email, xdg-open) [installed]
installing obsidian...
You can add custom permanent flags for Obsidian in .config/obsidian/user-flags.conf
installing open-isns...
installing open-iscsi...

>>> Setting Initiatorname 'iqn.2016-04.com.open-iscsi:2fa198526d'
installing libdnet...
installing libmspack...
installing lsb-release...
installing uriparser...
installing xmlsec...
installing open-vm-tools...
Optional dependencies for open-vm-tools
    gtkmm3: DnD/CP plugin [installed]
    libxtst: DnD/CP, resolution set plugins [installed]
    netctl: suspend-resume network state
    networkmanager: suspend-resume network state [installed]
installing vpnc...
Optional dependencies for vpnc
    openresolv: Let vpnc manage resolv.conf [pending]
installing stoken...
Optional dependencies for stoken
    gtk3: required for stoken-gui [installed]
installing oath-toolkit...
installing openconnect...
Optional dependencies for openconnect
    python: tncc-wrapper [installed]
installing ccid...
installing openpgp-card-tools...
installing pkcs11-helper...
installing openvpn...
Optional dependencies for openvpn
    easy-rsa: easy CA and certificate handling
    pam: authenticate via PAM [installed]
installing pamixer...
installing papirus-icon-theme...
installing libsigc++-3.0...
installing glibmm-2.68...
installing cairomm-1.16...
installing pangomm-2.48...
installing gtkmm-4.0...
installing pavucontrol...
installing pipewire-alsa...
installing pipewire-pulse...
Created symlink '/etc/systemd/user/sockets.target.wants/pipewire-pulse.socket' → '/usr/lib/systemd/user/pipewire-pulse.socket'.
installing playerctl...
installing plocate...
installing plymouth...
warning: /tmp/vinos-iso-work.2230516/x86_64/airootfs/etc/plymouth/plymouthd.conf installed as /tmp/vinos-iso-work.2230516/x86_64/airootfs/etc/plymouth/plymouthd.conf.pacnew
Optional dependencies for plymouth
    gtk3: x11 renderer [installed]
installing polkit-gnome...
installing power-profiles-daemon...
Optional dependencies for power-profiles-daemon
    python-gobject: for powerprofilesctl [installed]
installing pptpclient...
installing pv...
installing numactl...
installing qemu-guest-agent...
installing qt5-declarative...
installing qt5-wayland...
installing qt6-declarative...
Optional dependencies for qt6-declarative
    qt6-svg: for QtQuickVectorImage and svgtoqml [installed]
installing qt6-wayland...
installing qt6ct...
installing libdwarf...
installing cpptrace...
installing vulkan-headers...
Optional dependencies for vulkan-headers
    python: Registry tools [installed]
installing quickshell-git...
installing refind...
Optional dependencies for refind
    gptfdisk: for finding non-vfat ESP with refind-install [installed]
    imagemagick: for refind-mkfont [installed]
    openssl: for generating local certificates with refind-install [installed]
    python: for refind-mkdefault [installed]
    refind-docs: for HTML documentation
    sbsigntools: for EFI binary signing with refind-install
    sudo: for privilege elevation in refind-install and refind-mkdefault [installed]
installing reflector...
Optional dependencies for reflector
    rsync: rate rsync mirrors [installed]
installing ripgrep...
installing rxvt-unicode-terminfo...
installing satty...
installing sdparm...
installing nettle3...
installing sequoia-sq...
installing sg3_utils...
installing signal-desktop...
==> NOTE: Custom flags should be put directly in: ~/.config/signal-desktop-flags.conf
Optional dependencies for signal-desktop
    xdg-desktop-portal: Screensharing with Wayland [installed]
installing slurp...
installing smartmontools...
Optional dependencies for smartmontools
    s-nail: to get mail alerts to work
installing socat...
installing sof-firmware...
installing libcurl-gnutls...
installing ayatana-ido...
installing libayatana-indicator...
installing libdbusmenu-glib...
installing libdbusmenu-gtk3...
installing libayatana-appindicator...
installing spotify...
Optional dependencies for spotify
    ffmpeg4.4: Adds support for playback of local files
    zenity: Adds support for importing local files
    libnotify: Desktop notifications [installed]
installing squashfs-tools...
installing starship...
Optional dependencies for starship
    ttf-font-nerd: Nerd Font Symbols preset [pending]
installing djvulibre...
installing gnome-desktop...
installing gsfonts...
installing gspell...
installing libspectre...
installing libsynctex...
installing evince...
Optional dependencies for evince
    texlive-bin: DVI support
installing js140...
installing gjs...
installing gst-plugin-gtk...
installing gtksourceview4...
installing sushi...
Optional dependencies for sushi
    libreoffice: OpenDocument formats
    webkit2gtk-4.1: Render HTML files
installing swaybg...
installing swayosd...
installing syslinux...
 => For setting up Syslinux EFI follow
    https://wiki.archlinux.org/index.php/Syslinux#UEFI_Systems
 => The syslinux-install_update script does not currently support EFI install
Optional dependencies for syslinux
    perl-crypt-passwdmd5: For md5pass
    perl-digest-sha1: For sha1pass
    mtools: For mkdiskimage and syslinux support [installed]
    gptfdisk: For GPT support [installed]
    util-linux: For isohybrid [installed]
    efibootmgr: For EFI support [installed]
    dosfstools: For EFI support [installed]
installing python-pycups...
installing python-dbus...
Optional dependencies for python-dbus
    python-gobject: D-Bus services via PyGI [installed]
installing python-cairo...
installing system-config-printer...
Optional dependencies for system-config-printer
    libsecret: password management [installed]
    python-pysmbc: SMB browser support
    cups-pk-helper: PolicyKit helper to configure cups with fine-grained privileges
installing systemd-resolvconf...
installing t2fanrd...
installing tcpdump...
installing terminus-font...
installing leptonica...
installing tesseract-data-eng...
installing tesseract-data-osd...
installing tesseract...
Optional dependencies for tesseract
    icu: for text2image [installed]
    pango: for text2image [installed]
    tesseract-data-afr: OCR data (afr)
    tesseract-data-amh: OCR data (amh)
    tesseract-data-ara: OCR data (ara)
    tesseract-data-asm: OCR data (asm)
    tesseract-data-aze: OCR data (aze)
    tesseract-data-aze_cyrl: OCR data (aze_cyrl)
    tesseract-data-bel: OCR data (bel)
    tesseract-data-ben: OCR data (ben)
    tesseract-data-bod: OCR data (bod)
    tesseract-data-bos: OCR data (bos)
    tesseract-data-bre: OCR data (bre)
    tesseract-data-bul: OCR data (bul)
    tesseract-data-cat: OCR data (cat)
    tesseract-data-ceb: OCR data (ceb)
    tesseract-data-ces: OCR data (ces)
    tesseract-data-chi_sim: OCR data (chi_sim)
    tesseract-data-chi_tra: OCR data (chi_tra)
    tesseract-data-chr: OCR data (chr)
    tesseract-data-cos: OCR data (cos)
    tesseract-data-cym: OCR data (cym)
    tesseract-data-dan: OCR data (dan)
    tesseract-data-dan_frak: OCR data (dan_frak)
    tesseract-data-deu: OCR data (deu)
    tesseract-data-deu_frak: OCR data (deu_frak)
    tesseract-data-div: OCR data (div)
    tesseract-data-dzo: OCR data (dzo)
    tesseract-data-ell: OCR data (ell)
    tesseract-data-eng: OCR data (eng) [installed]
    tesseract-data-enm: OCR data (enm)
    tesseract-data-epo: OCR data (epo)
    tesseract-data-equ: OCR data (equ)
    tesseract-data-est: OCR data (est)
    tesseract-data-eus: OCR data (eus)
    tesseract-data-fao: OCR data (fao)
    tesseract-data-fas: OCR data (fas)
    tesseract-data-fil: OCR data (fil)
    tesseract-data-fin: OCR data (fin)
    tesseract-data-fra: OCR data (fra)
    tesseract-data-frk: OCR data (frk)
    tesseract-data-frm: OCR data (frm)
    tesseract-data-fry: OCR data (fry)
    tesseract-data-gla: OCR data (gla)
    tesseract-data-gle: OCR data (gle)
    tesseract-data-glg: OCR data (glg)
    tesseract-data-grc: OCR data (grc)
    tesseract-data-guj: OCR data (guj)
    tesseract-data-hat: OCR data (hat)
    tesseract-data-heb: OCR data (heb)
    tesseract-data-hin: OCR data (hin)
    tesseract-data-hrv: OCR data (hrv)
    tesseract-data-hun: OCR data (hun)
    tesseract-data-hye: OCR data (hye)
    tesseract-data-iku: OCR data (iku)
    tesseract-data-ind: OCR data (ind)
    tesseract-data-isl: OCR data (isl)
    tesseract-data-ita: OCR data (ita)
    tesseract-data-ita_old: OCR data (ita_old)
    tesseract-data-jav: OCR data (jav)
    tesseract-data-jpn: OCR data (jpn)
    tesseract-data-jpn_vert: OCR data (jpn_vert)
    tesseract-data-kan: OCR data (kan)
    tesseract-data-kat: OCR data (kat)
    tesseract-data-kat_old: OCR data (kat_old)
    tesseract-data-kaz: OCR data (kaz)
    tesseract-data-khm: OCR data (khm)
    tesseract-data-kir: OCR data (kir)
    tesseract-data-kmr: OCR data (kmr)
    tesseract-data-kor: OCR data (kor)
    tesseract-data-kor_vert: OCR data (kor_vert)
    tesseract-data-lao: OCR data (lao)
    tesseract-data-lat: OCR data (lat)
    tesseract-data-lav: OCR data (lav)
    tesseract-data-lit: OCR data (lit)
    tesseract-data-ltz: OCR data (ltz)
    tesseract-data-mal: OCR data (mal)
    tesseract-data-mar: OCR data (mar)
    tesseract-data-mkd: OCR data (mkd)
    tesseract-data-mlt: OCR data (mlt)
    tesseract-data-mon: OCR data (mon)
    tesseract-data-mri: OCR data (mri)
    tesseract-data-msa: OCR data (msa)
    tesseract-data-mya: OCR data (mya)
    tesseract-data-nep: OCR data (nep)
    tesseract-data-nld: OCR data (nld)
    tesseract-data-nor: OCR data (nor)
    tesseract-data-oci: OCR data (oci)
    tesseract-data-ori: OCR data (ori)
    tesseract-data-pan: OCR data (pan)
    tesseract-data-pol: OCR data (pol)
    tesseract-data-por: OCR data (por)
    tesseract-data-pus: OCR data (pus)
    tesseract-data-que: OCR data (que)
    tesseract-data-ron: OCR data (ron)
    tesseract-data-rus: OCR data (rus)
    tesseract-data-san: OCR data (san)
    tesseract-data-sin: OCR data (sin)
    tesseract-data-slk: OCR data (slk)
    tesseract-data-slk_frak: OCR data (slk_frak)
    tesseract-data-slv: OCR data (slv)
    tesseract-data-snd: OCR data (snd)
    tesseract-data-spa: OCR data (spa)
    tesseract-data-spa_old: OCR data (spa_old)
    tesseract-data-sqi: OCR data (sqi)
    tesseract-data-srp: OCR data (srp)
    tesseract-data-srp_latn: OCR data (srp_latn)
    tesseract-data-sun: OCR data (sun)
    tesseract-data-swa: OCR data (swa)
    tesseract-data-swe: OCR data (swe)
    tesseract-data-syr: OCR data (syr)
    tesseract-data-tam: OCR data (tam)
    tesseract-data-tat: OCR data (tat)
    tesseract-data-tel: OCR data (tel)
    tesseract-data-tgk: OCR data (tgk)
    tesseract-data-tgl: OCR data (tgl)
    tesseract-data-tha: OCR data (tha)
    tesseract-data-tir: OCR data (tir)
    tesseract-data-ton: OCR data (ton)
    tesseract-data-tur: OCR data (tur)
    tesseract-data-uig: OCR data (uig)
    tesseract-data-ukr: OCR data (ukr)
    tesseract-data-urd: OCR data (urd)
    tesseract-data-uzb: OCR data (uzb)
    tesseract-data-uzb_cyrl: OCR data (uzb_cyrl)
    tesseract-data-vie: OCR data (vie)
    tesseract-data-yid: OCR data (yid)
    tesseract-data-yor: OCR data (yor)
installing testdisk...
installing dbus-glib...
installing thermald...
installing ttf-ubuntu-font-family...
installing tiny-dfr...
installing python-shtab...
installing python-colorama...
installing python-termcolor...
installing tldr...
installing tmux...
installing tpm2-tools...
Optional dependencies for tpm2-tools
    tpm2-abrmd: user space resource manager
installing ttf-ia-writer...
installing ttf-jetbrains-mono-nerd...
installing tzupdate...
installing udftools...
installing python-docopt...
installing python-keyutils...
installing udiskie...
Optional dependencies for udiskie
    libappindicator-gtk3: --appindicator support
installing ufw...
installing unzip...
installing tcl...
installing usb_modeswitch...
installing usbmuxd...
installing usbutils...
Optional dependencies for usbutils
    coreutils: for lsusb.py usage [installed]
    python: for lsusb.py usage [installed]
    sh: for usb-devices [installed]
installing python-pyxdg...
installing uwsm...
Optional dependencies for uwsm
    bemenu: optional picker for uuctl support
    dmenu: optional picker for uuctl support
    fuzzel: optional picker for uuctl support
    libnewt: for "uwsm start select" [installed]
    libnotify: for feeback from "uswm app" commands or fmon service [installed]
    rofi-wayland: optional picker for uuctl support
    wmenu: optional picker for uuctl support
    wofi: optional picker for uuctl support
installing vim-runtime...
Optional dependencies for vim-runtime
    sh: support for some tools and macros [installed]
    python: demoserver example tool [installed]
    gawk: mve tools support [installed]
installing vim...
Optional dependencies for vim
    python: Python language support [installed]
    ruby: Ruby language support
    lua: Lua language support [installed]
    perl: Perl language support [installed]
    tcl: Tcl language support [installed]
installing virtualbox-guest-utils-nox...
installing vulkan-mesa-implicit-layers...
installing vulkan-intel...
Optional dependencies for vulkan-intel
    vulkan-mesa-layers: additional vulkan layers
installing vulkan-radeon...
Optional dependencies for vulkan-radeon
    vulkan-mesa-layers: additional vulkan layers
installing walker-bin...
Optional dependencies for walker-bin
    elephant-all: elephant + all official elephant providers
installing fmt...
installing pps-tools...
installing gpsd...
Optional dependencies for gpsd
    gtk3: GUI frontends [installed]
    php: generate a PHP status page for your GPS
    php-gd: image support for the PHP status page
    python-cairo: GUI frontends [installed]
    python-gobject: GUI frontends [installed]
    python-pyserial: GUI frontends [installed]
    qt5-base: for Qgpsmm [installed]
installing gtk-layer-shell...
installing jsoncpp...
Optional dependencies for jsoncpp
    jsoncpp-doc: documentation
installing libmpdclient...
installing spdlog...
installing waybar...
Optional dependencies for waybar
    otf-font-awesome: Icons in the default configuration
installing wget...
Optional dependencies for wget
    ca-certificates: HTTPS downloads [installed]
installing whois...
installing wireless-regdb...
installing wireless_tools...
installing wiremix...
installing wl-clipboard...
Optional dependencies for wl-clipboard
    xdg-utils: for content type inference in wl-copy [installed]
    mailcap: for type inference in wl-paste [installed]
installing woff2-font-awesome...

:: Starting from version 7.0.0, the Font Awesome upstream no longer includes '.ttf' webfonts
   and instead provides them in '.woff2' format, which is now the standard for webfont delivery.

   The 'ttf-font-awesome' package has therefore been replaced by the 'woff2-font-awesome' one.

   If your project(s) or configuration(s) still depend on '.ttf' files, please update
   them to use the '.woff2' format instead.

   See https://fontawesome.com/changelog for more details.

installing wvstreams...
installing wvdial...
installing xdg-desktop-portal-hyprland...
Optional dependencies for xdg-desktop-portal-hyprland
    grim: required for the screenshot portal to function [installed]
    slurp: support for interactive mode for the screenshot portal [installed]
installing xdg-terminal-exec...
installing xl2tpd...
installing xmlstarlet...
installing zoxide...
Optional dependencies for zoxide
    fzf: for interactive selection [installed]
installing zram-generator...
:: Running post-transaction hooks...
( 1/32) Restoring Linux kernel modules...
++ uname -r
+ KVER=7.0.9-arch2-1
+ test -e /usr/lib/modules/backup/7.0.9-arch2-1
+ rm -rf /usr/lib/modules/backup
( 2/32) Creating system user accounts...
Creating group 'brlapi' with GID 969.
Creating group 'locate' with GID 21.
Creating group 'polkitd' with GID 102.
Creating group 'seat' with GID 968.
Creating group 'vboxsf' with GID 109.
Creating group 'alpm' with GID 967.
Creating user 'alpm' (Arch Linux Package Management) with UID 967 and GID 967.
Creating group 'named' with GID 40.
Creating user 'named' (BIND DNS Server) with UID 40 and GID 40.
Creating group 'brltty' with GID 966.
Creating user 'brltty' (Braille Device Daemon) with UID 966 and GID 966.
Creating group 'cups' with GID 209.
Creating user 'cups' (cups helper user) with UID 209 and GID 209.
Creating group 'dhcpcd' with GID 965.
Creating user 'dhcpcd' (dhcpcd privilege separation) with UID 965 and GID 965.
Creating group 'dnsmasq' with GID 964.
Creating user 'dnsmasq' (dnsmasq daemon) with UID 964 and GID 964.
Creating group 'git' with GID 963.
Creating user 'git' (git daemon user) with UID 963 and GID 963.
Creating group 'greeter' with GID 962.
Creating user 'greeter' (greetd greeter user) with UID 962 and GID 962.
Creating group '_talkd' with GID 961.
Creating user '_talkd' (User for legacy talkd server) with UID 961 and GID 961.
Creating group 'nbd' with GID 960.
Creating user 'nbd' (Network Block Device) with UID 960 and GID 960.
Creating group 'openvpn' with GID 959.
Creating user 'openvpn' (OpenVPN) with UID 959 and GID 959.
Creating group 'partimag' with GID 110.
Creating user 'partimag' (Partimage user) with UID 110 and GID 110.
Creating group 'pcscd' with GID 958.
Creating user 'pcscd' (PC/SC Smart Card Daemon) with UID 958 and GID 958.
Creating user 'polkitd' (User for polkitd) with UID 102 and GID 102.
Creating group 'rpc' with GID 32.
Creating user 'rpc' (Rpcbind Daemon) with UID 32 and GID 32.
Creating group 'rpcuser' with GID 34.
Creating user 'rpcuser' (RPC Service User) with UID 34 and GID 34.
Creating group 'usbmux' with GID 140.
Creating user 'usbmux' (usbmux user) with UID 140 and GID 140.
( 3/32) Creating temporary files...
( 4/32) Updating journal message catalog...
( 5/32) Updating udev hardware database...
( 6/32) Applying kernel sysctl settings...
  Skipped: Running in chroot.
( 7/32) Reloading system manager configuration...
  Skipped: Running in chroot.
( 8/32) Reloading user manager configuration...
  Skipped: Running in chroot.
( 9/32) Updating the MIME type database...
(10/32) Reloading device manager configuration...
  Skipped: Running in chroot.
(11/32) Arming ConditionNeedsUpdate...
(12/32) Updating fontconfig configuration...
(13/32) Rebuilding certificate stores...
(14/32) Updating module dependencies...
(15/32) Install DKMS modules
==> dkms install --no-depmod nvidia/610.43.03 -k 7.1.4-hardened1-1-hardened
==> dkms install --no-depmod macbook12-spi-driver/0+git.315 -k 7.1.4-arch1-1
Deprecated feature: CLEAN (/usr/src/macbook12-spi-driver-0+git.315/dkms.conf)

Error! Bad return status for module build on kernel: 7.1.4-arch1-1 (x86_64)
Consult /var/lib/dkms/macbook12-spi-driver/0+git.315/build/make.log for more information.
==> WARNING: `dkms install --no-depmod macbook12-spi-driver/0+git.315 -k 7.1.4-arch1-1' exited 10
==> dkms install --no-depmod macbook12-spi-driver/0+git.315 -k 7.1.4-hardened1-1-hardened
Deprecated feature: CLEAN (/var/lib/dkms/macbook12-spi-driver/0+git.315/source/dkms.conf)

Error! Bad return status for module build on kernel: 7.1.4-hardened1-1-hardened (x86_64)
Consult /var/lib/dkms/macbook12-spi-driver/0+git.315/build/make.log for more information.
==> WARNING: `dkms install --no-depmod macbook12-spi-driver/0+git.315 -k 7.1.4-hardened1-1-hardened' exited 10
==> dkms install --no-depmod nvidia/610.43.03 -k 7.1.4-arch1-Watanare-T2-2-t2
==> dkms install --no-depmod macbook12-spi-driver/0+git.315 -k 7.1.4-arch1-Watanare-T2-2-t2
Deprecated feature: CLEAN (/var/lib/dkms/macbook12-spi-driver/0+git.315/source/dkms.conf)

Error! Bad return status for module build on kernel: 7.1.4-arch1-Watanare-T2-2-t2 (x86_64)
Consult /var/lib/dkms/macbook12-spi-driver/0+git.315/build/make.log for more information.
==> WARNING: `dkms install --no-depmod macbook12-spi-driver/0+git.315 -k 7.1.4-arch1-Watanare-T2-2-t2' exited 10
==> dkms install --no-depmod nvidia/610.43.03 -k 7.1.4-arch1-1
==> depmod 7.1.4-arch1-Watanare-T2-2-t2
==> depmod 7.1.4-arch1-1
==> depmod 7.1.4-hardened1-1-hardened
(16/32) Updating linux initcpios...
==> Building image from preset: /etc/mkinitcpio.d/linux-hardened.preset: 'default'
==> Using default configuration file: '/etc/mkinitcpio.conf'
  -> -k /boot/vmlinuz-linux-hardened -g /boot/initramfs-linux-hardened.img
==> Using drop-in configuration file: 'archiso.conf'
==> Starting build: '7.1.4-hardened1-1-hardened'
  -> Running build hook: [base]
  -> Running build hook: [udev]
  -> Running build hook: [microcode]
  -> Running build hook: [modconf]
  -> Running build hook: [kms]
==> WARNING: Possibly missing firmware for module: 'ast'
  -> Running build hook: [keyboard]
==> WARNING: Possibly missing firmware for module: 'xhci_pci_renesas'
  -> Running build hook: [plymouth]
  -> Running build hook: [memdisk]
  -> Running build hook: [archiso]
  -> Running build hook: [archiso_loop_mnt]
  -> Running build hook: [archiso_pxe_common]
==> WARNING: Possibly missing firmware for module: 'softing_cs'
==> WARNING: Possibly missing firmware for module: 'bna'
==> WARNING: Possibly missing firmware for module: 'liquidio'
==> WARNING: Possibly missing firmware for module: 'mlxsw_spectrum'
==> WARNING: Possibly missing firmware for module: 'nfp'
==> WARNING: Possibly missing firmware for module: 'qed'
==> WARNING: Possibly missing firmware for module: 'cassini'
==> WARNING: Possibly missing firmware for module: 'adf7242'
  -> Running build hook: [archiso_pxe_nbd]
  -> Running build hook: [archiso_pxe_http]
  -> Running build hook: [archiso_pxe_nfs]
  -> Running build hook: [block]
==> WARNING: Possibly missing firmware for module: 'aic94xx'
==> WARNING: Possibly missing firmware for module: 'bfa'
==> WARNING: Possibly missing firmware for module: 'qla1280'
==> WARNING: Possibly missing firmware for module: 'qla2xxx'
==> WARNING: Possibly missing firmware for module: 'wd719x'
  -> Running build hook: [filesystems]
==> ERROR: module not found: 'apple_bce'
==> Generating module dependencies
==> Creating xz-compressed initcpio image: '/boot/initramfs-linux-hardened.img'
==> WARNING: errors were encountered during the build. The image may not be complete.
==> Building image from preset: /etc/mkinitcpio.d/linux-t2.preset: 'archiso'
==> Using configuration file: '/etc/mkinitcpio.conf.d/archiso.conf'
  -> -k /boot/vmlinuz-linux-t2 -c /etc/mkinitcpio.conf.d/archiso.conf -g /boot/initramfs-linux-t2.img
==> Starting build: '7.1.4-arch1-Watanare-T2-2-t2'
  -> Running build hook: [base]
  -> Running build hook: [udev]
  -> Running build hook: [microcode]
  -> Running build hook: [modconf]
  -> Running build hook: [kms]
==> WARNING: Possibly missing firmware for module: 'ast'
  -> Running build hook: [keyboard]
==> WARNING: Possibly missing firmware for module: 'xhci_pci_renesas'
  -> Running build hook: [plymouth]
  -> Running build hook: [memdisk]
  -> Running build hook: [archiso]
  -> Running build hook: [archiso_loop_mnt]
  -> Running build hook: [archiso_pxe_common]
==> WARNING: Possibly missing firmware for module: 'softing_cs'
==> WARNING: Possibly missing firmware for module: 'bna'
==> WARNING: Possibly missing firmware for module: 'liquidio'
==> WARNING: Possibly missing firmware for module: 'mlxsw_spectrum'
==> WARNING: Possibly missing firmware for module: 'nfp'
==> WARNING: Possibly missing firmware for module: 'qed'
==> WARNING: Possibly missing firmware for module: 'cassini'
==> WARNING: Possibly missing firmware for module: 'adf7242'
  -> Running build hook: [archiso_pxe_nbd]
  -> Running build hook: [archiso_pxe_http]
  -> Running build hook: [archiso_pxe_nfs]
  -> Running build hook: [block]
==> WARNING: Possibly missing firmware for module: 'aic94xx'
==> WARNING: Possibly missing firmware for module: 'bfa'
==> WARNING: Possibly missing firmware for module: 'qla1280'
==> WARNING: Possibly missing firmware for module: 'qla2xxx'
==> WARNING: Possibly missing firmware for module: 'wd719x'
  -> Running build hook: [filesystems]
==> ERROR: module not found: 'apple_bce'
==> Generating module dependencies
==> Creating xz-compressed initcpio image: '/boot/initramfs-linux-t2.img'
==> WARNING: errors were encountered during the build. The image may not be complete.
==> Building image from preset: /etc/mkinitcpio.d/linux.preset: 'archiso'
==> Using configuration file: '/etc/mkinitcpio.conf.d/archiso.conf'
  -> -k /boot/vmlinuz-linux -c /etc/mkinitcpio.conf.d/archiso.conf -g /boot/initramfs-linux.img
==> Starting build: '7.1.4-arch1-1'
  -> Running build hook: [base]
  -> Running build hook: [udev]
  -> Running build hook: [microcode]
  -> Running build hook: [modconf]
  -> Running build hook: [kms]
==> WARNING: Possibly missing firmware for module: 'ast'
  -> Running build hook: [keyboard]
==> WARNING: Possibly missing firmware for module: 'xhci_pci_renesas'
  -> Running build hook: [plymouth]
  -> Running build hook: [memdisk]
  -> Running build hook: [archiso]
  -> Running build hook: [archiso_loop_mnt]
  -> Running build hook: [archiso_pxe_common]
==> WARNING: Possibly missing firmware for module: 'softing_cs'
==> WARNING: Possibly missing firmware for module: 'bna'
==> WARNING: Possibly missing firmware for module: 'liquidio'
==> WARNING: Possibly missing firmware for module: 'mlxsw_spectrum'
==> WARNING: Possibly missing firmware for module: 'nfp'
==> WARNING: Possibly missing firmware for module: 'qed'
==> WARNING: Possibly missing firmware for module: 'cassini'
==> WARNING: Possibly missing firmware for module: 'adf7242'
  -> Running build hook: [archiso_pxe_nbd]
  -> Running build hook: [archiso_pxe_http]
  -> Running build hook: [archiso_pxe_nfs]
  -> Running build hook: [block]
==> WARNING: Possibly missing firmware for module: 'aic94xx'
==> WARNING: Possibly missing firmware for module: 'bfa'
==> WARNING: Possibly missing firmware for module: 'qla1280'
==> WARNING: Possibly missing firmware for module: 'qla2xxx'
==> WARNING: Possibly missing firmware for module: 'wd719x'
  -> Running build hook: [filesystems]
==> ERROR: module not found: 'apple_bce'
==> Generating module dependencies
==> Creating xz-compressed initcpio image: '/boot/initramfs-linux.img'
==> WARNING: errors were encountered during the build. The image may not be complete.
error: command failed to execute correctly
(17/32) Updating the appstream cache...
✔ Metadata cache was updated successfully.
(18/32) Reloading system bus configuration...
  Skipped: Running in chroot.
(19/32) Checking for old perl modules...
(20/32) Updating fontconfig cache...
(21/32) Updating GIO module cache...
(22/32) Compiling GSettings XML schema files...
(23/32) Probing GTK3 input method modules...
(24/32) Updating icon theme caches...
(25/32) Updating GTK4 module cache...
(26/32) Reloading GVFS config...
(27/32) Querying Quickshell compatibility after Qt6 update...
(28/32) Updating the info directory file...
(29/32) Uncommenting HTTPS mirrors in /etc/pacman.d/mirrorlist...
(30/32) Updating the desktop file MIME type cache...
(31/32) Updating Vim help tags...
(32/32) Work around FS#49347 by removing custom pacman hooks that are only required during ISO build...
[mkarchiso] INFO: Done! Packages installed successfully.
[mkarchiso] INFO: Creating version files...
[mkarchiso] INFO: Done!
[mkarchiso] INFO: Copying /etc/skel/* to user homes...
[mkarchiso] INFO: Done!
[mkarchiso] INFO: Creating a list of installed packages on live-enviroment...
[mkarchiso] INFO: Done!
[mkarchiso] INFO: Preparing kernel and initramfs for the ISO 9660 file system...
[mkarchiso] INFO: Done!
[mkarchiso] INFO: Setting up SYSLINUX for BIOS booting...
[mkarchiso] INFO: Done! SYSLINUX set up for BIOS booting successfully.
[mkarchiso] INFO: Setting up systemd-boot for UEFI booting...
[mkarchiso] INFO: Creating FAT image of size: 806 MiB...
mkfs.fat 4.2 (2021-01-31)
[mkarchiso] INFO: Preparing kernel and initramfs for the FAT file system...
[mkarchiso] INFO: Done!
[mkarchiso] INFO: Done! systemd-boot set up for UEFI booting successfully.
[mkarchiso] INFO: Cleaning up in pacstrap location...
[mkarchiso] INFO: Done!
[mkarchiso] INFO: Creating SquashFS image, this may take some time...
Parallel mksquashfs: Using 12 processors
Creating 4.0 filesystem on /tmp/vinos-iso-work.2230516/iso/arch/x86_64/airootfs.sfs, block size 1048576.
[/                                                           ]     0/34062   0%[-                                                         ]   2500/270303   0%[|                                                         ]   2800/270303   1%[\                                                         ]   3200/270303   1%[-                                                         ]   4700/270303   1%[=======|                                                  ]  33400/270303  12%[=======/                                                  ]  33500/270303  12%[=======\                                                  ]  33600/270303  12%[=======|                                                  ]  33800/270303  12%[=======|                                                  ]  37400/270303  13%[========\                                                 ]  42500/270303  15%[=========|                                                ]  46000/270303  17%[====================|                                     ]  98300/270303  36%[=======================/                                  ] 112700/270303  41%[==========================|                               ] 127800/270303  47%[===========================|                              ] 129000/270303  47%[=====================================================/    ] 251800/270303  93%[=======================================================/  ] 262000/270303  96%[=======================================================/  ] 263100/270303  97%Unrecognised xattr prefix system.posix_acl_default
Unrecognised xattr prefix system.posix_acl_default
Unrecognised xattr prefix system.posix_acl_access

[=========================================================\] 270303/270303 100%

Exportable Squashfs 4.0 filesystem, xz compressed, data block size 1048576
	compressed data, compressed metadata, compressed fragments,
	compressed xattrs, compressed ids
	duplicates are removed
Filesystem size 3736070.05 Kbytes (3648.51 Mbytes)
	35.71% of uncompressed filesystem size (10461836.63 Kbytes)
Inode table size 2623218 bytes (2561.74 Kbytes)
	20.56% of uncompressed inode table size (12756164 bytes)
Directory table size 3568296 bytes (3484.66 Kbytes)
	36.48% of uncompressed directory table size (9782797 bytes)
Xattr table size 114 bytes (0.11 Kbytes)
	57.00% of uncompressed xattr table size (200 bytes)
Number of duplicate files found 64289
Number of inodes 369628
Number of files 279562
Number of fragments 3524
Number of symbolic links 67954
Number of device nodes 0
Number of fifo nodes 0
Number of socket nodes 0
Number of directories 22112
Number of hard-links 2511
Number of ids (unique uids + gids) 22
Number of uids 10
	root (0)
	unknown (959)
	unknown (110)
	unknown (962)
	unknown (966)
	uuidd (970)
	unknown (34)
	unknown (32)
	systemd-network (976)
	tss (971)
Number of gids 21
	root (0)
	git (969)
	unknown (209)
	unknown (40)
	network (90)
	unknown (110)
	unknown (102)
	ftp (11)
	unknown (21)
	tty (5)
	dbus (81)
	utmp (996)
	unknown (962)
	games (50)
	unknown (966)
	uuidd (970)
	unknown (34)
	unknown (32)
	systemd-network (976)
	tss (971)
	systemd-journal (981)
[mkarchiso] INFO: Creating checksum file for self-test...
[mkarchiso] INFO: Done!
[mkarchiso] INFO: Creating ISO image...
xorriso 1.5.8.pl02 : RockRidge filesystem manipulator, libburnia project.

xorriso : NOTE : Environment variable SOURCE_DATE_EPOCH encountered with value 1784919836
Drive current: -outdev 'stdio:/out/vinos-2.0.2-x86_64.iso'
Media current: stdio file, overwriteable
Media status : is blank
Media summary: 0 sessions, 0 data blocks, 0 data, 5021g free
Added to ISO image: directory '/'='/tmp/vinos-iso-work.2230516/iso'
xorriso : UPDATE :     115 files added in 1 seconds
xorriso : UPDATE :     115 files added in 1 seconds
xorriso : NOTE : Copying to System Area: 432 bytes from file '/tmp/vinos-iso-work.2230516/iso/boot/syslinux/isohdpfx.bin'
libisofs: NOTE : Automatically adjusted MBR geometry to 1005/144/63
libisofs: NOTE : Aligned image size to cylinder size by 1799 blocks
xorriso : UPDATE :  0.76% done
xorriso : UPDATE :  7.87% done
xorriso : UPDATE :  18.23% done
xorriso : UPDATE :  36.46% done, estimate finish Fri Jul 24 19:35:19 2026
xorriso : UPDATE :  55.41% done, estimate finish Fri Jul 24 19:35:18 2026
xorriso : UPDATE :  77.28% done, estimate finish Fri Jul 24 19:35:17 2026
xorriso : UPDATE :  94.12% done
ISO image produced: 2692028 sectors
Written to medium : 2692028 sectors at LBA 0
Writing to 'stdio:/out/vinos-2.0.2-x86_64.iso' completed successfully.

[mkarchiso] INFO: Done!
5.2G	/out/vinos-2.0.2-x86_64.iso
ISO: /out/vinos-1.1.0-x86_64.iso
-rw-r--r-- 1 root root 4.3G Jul 18 17:02 /out/vinos-1.1.0-x86_64.iso
[1;34m[iso-build][0m done → /data/projects/vinos/iso/out
4.0K /data/projects/vinos/iso/out/sha256sums.txt
4.3G /data/projects/vinos/iso/out/vinos-1.1.0-x86_64.iso
4.4G /data/projects/vinos/iso/out/vinos-2.0.1-x86_64.iso
5.2G /data/projects/vinos/iso/out/vinos-2.0.2-x86_64.iso
